PetID,AdoptionSpeed
f42161740,2
0118db3a8,4
e5164d828,2
5335bfb38,1
ff2cf88a0,3
1d13441b9,2
7d835cf7c,2
577d15fea,3
91736f444,4
db194aec8,1
10516f3c6,4
c3106dcd5,2
fc3fbbb99,2
42dd3f3ff,0
da3be5cb2,3
4e9a13862,1
2fbf2cb7c,2
f45457bdc,2
aad08c47b,4
181d40c5e,4
1a3c44785,4
6786609aa,4
1c67c5f4c,1
bf6a56d33,2
06fda20a2,2
b940cf8b8,3
239c4b696,2
b67a29908,1
72f092b4b,2
7d1d7a4f6,3
c78cc1272,4
71ef1c6c4,0
1caf9686d,4
fdd77ab31,1
9104803d9,3
c5b5d2650,4
573900346,1
d0277b9d3,1
be7ff8075,2
c421064dd,2
8709b75c2,2
f527634f7,1
6aff78ff8,2
22e4974f2,2
0b6064845,4
ff8e7c016,2
aab56f3ff,3
ee4cb45ea,2
740d87a41,4
ca9841ab1,4
fc32f63d1,1
938bcf142,3
d48d94920,3
c932005f5,2
399856928,4
f262fd637,4
b1f1a42bf,1
b4446dca3,1
13a563b84,3
9003318e5,4
1965d2288,4
9af3fec83,3
a381e49c9,4
bd9e87899,4
7bce76c66,2
bac8c1a73,4
82b43d9cd,3
a5984b6df,2
16ffedcf8,3
af8fdab18,3
ae946bb63,1
08f40f232,1
58e2cf3d9,2
56cba1beb,1
0a8746c09,2
836b6e6f3,4
b5295b0e2,1
98b29e94a,1
e09807e6e,3
f2eb9530d,3
5a4b92653,1
2d0b49c8f,3
bdb5b7ecb,4
2514503e7,4
a6e33dddf,3
dad97c60d,3
9a34ddc8b,4
0244298a9,2
51741c1b7,4
f36876126,2
62d822791,2
22e73ac3a,1
047c20d1a,4
263e34731,3
43e4cb788,2
734459ad1,2
166947bb4,1
8e77d52ad,1
1ba539b66,2
5ddd7f219,3
682b7b7d0,3
c014197ab,1
f158bcd9e,3
554c80a2a,2
7fd7b7583,1
5f6931436,4
5f44a43f4,1
f08503742,2
e26548e11,1
fc9773fa5,2
f642366b6,1
392df6910,2
00c71a320,1
b5521c7e1,3
c78fa1a45,2
89f28de34,4
e778cd78b,4
e9df3ead7,4
49fcc3da1,1
3501d8f4f,4
076a67405,4
ad8b0d9d1,4
133a0db2c,2
05f99fc56,3
80c4e9e4d,1
799a41eba,1
4df3c8b8f,1
4084b0a93,3
b7d753c5a,0
8e938a436,1
107d56dc4,1
83703d7e0,3
e72a77ee4,2
409ccc60e,3
81075b785,2
e3e66cb5a,3
8f15fc3d8,1
0c4e78176,1
a91141912,2
7915144f9,3
6c83d00bf,4
ec4089e58,4
3998bcfec,1
38ed119b6,2
9e27976e9,1
cf2ae9919,2
061378b30,2
bec49d8b7,3
0d2394669,4
ca90f9062,3
cfe285c5f,2
8e0d93659,1
69b79d62d,1
1c2f669f2,4
e16882f44,1
bff5e06f5,2
bfa54aa27,4
814c9043a,4
18b2da498,2
ae116d640,1
918ae2c95,3
636389c7d,2
ae5f13659,1
880a0ac07,3
c9928594c,4
2dd6e4186,2
638447198,2
3181e5424,3
942af9028,4
31d921827,2
cd9d97bc8,3
b560efa40,2
71be09737,3
25560b530,4
532cac389,3
0858e3a6e,2
079f5f1e4,2
823d5bd7e,2
6984c9c58,1
1afdc26fa,4
9eb6e75e2,1
f922bd640,4
5b539effd,4
b6c338f94,1
b1021dc35,1
9aabc0113,1
ec040a1ef,2
f99231609,3
f8b827be1,2
e1e2ecc3e,3
8aa74d2d2,2
2bb2a981b,1
36edc334e,1
d8128cefd,4
a6da4c5df,3
694caa813,1
6b0103c04,3
352ba3335,3
50e35cd70,1
502c3e7ae,2
9b4dad348,1
971c160c7,3
4c56ed2b6,2
d25ad4b76,4
a963a6979,4
33ddc2011,4
6a7310588,3
fd67a3f2c,2
563eaa005,4
1a085d132,2
469aab50e,1
d277ab24d,2
d8e7caaff,2
29466dcf4,2
e59c8fc76,2
8673a672d,4
6d5afdb0f,4
1976719f7,1
a39034cfc,3
ab8dfa983,2
38d0a0bab,2
f38727a35,4
c45a57747,3
45f72b10b,3
80bf7a371,4
f3326d571,1
d2d9924f0,1
49a832741,2
699365a99,2
56bf5e254,1
2083834e2,1
19745f3dc,4
9cc8bae3b,1
eea72fce5,4
d1a11cf42,3
d3dbf1e95,1
b543331f4,2
e1e2b0af4,2
749afb385,1
aa32ec730,2
689e4e3bf,1
e49b7c262,3
3ecdd4122,1
d63d5fe8b,4
66f430d36,4
a7fd7a703,2
e54ee8e55,2
e29ff1448,2
75ca94b67,2
6114449db,1
a29dba165,2
a972fe14a,2
7d73574ed,4
44c308937,2
a8e5ae23a,3
be9474b85,1
42137817c,2
9f2948e8e,1
137916924,1
8c7dbce06,1
0db02527a,3
950dd345b,3
b7856db41,4
86d87d5f7,2
ea3fe3286,2
95e69fe79,2
306c74aa9,2
e92ed29c2,1
052c95a93,1
f13821512,2
ea2542b58,2
c4bcfbb1c,1
e1c5d6ba9,2
76f668025,2
d48e16ef4,4
b9bf3b7ed,2
172d395a5,2
c80041cdf,1
ffa5c6c35,0
eda415d15,3
92d4c1513,4
b1b2aae50,1
6341e0577,2
949fbd095,4
af9279a3f,1
56d7f894f,3
e388a963d,4
ebd128d90,1
9ac089108,1
e19ee42ce,2
51196cf13,2
708d4eb55,3
5f2c67ae2,3
b888f72cc,4
8b8229f52,2
69d04f61e,2
c39793853,0
cd9de4e83,4
e1c66420e,1
bb5917ca8,3
896e733b5,1
18556365a,2
231ad764f,4
e3f841674,1
68a6c1a24,2
6ca8ebdbd,1
f0bfe80e3,2
59f987236,1
52f439e65,2
681a6f552,3
8b6867433,2
89bac4c29,2
4c48a8f2f,1
2302acf06,2
e241fc7da,2
f393a9d26,1
97a10da78,4
bd7f07424,1
1f4871c30,2
4248ee26d,1
bbe6ff890,3
ef91ae200,3
324232e54,1
84f308399,2
f368b7ef1,2
dfb59bbe9,4
8bacce548,1
7fb5c3b87,0
e3fcd8a2f,4
5e5f1623c,3
25d4c7493,1
a8a2aecc3,1
1c92ce464,3
37a11cc19,4
9664bcecb,4
0d25f084f,4
409ad5a23,1
2acc0a068,1
99aa7a5a6,4
c15c93964,1
8ab591301,4
458adc77a,4
ef0822572,1
f432156e6,1
71aed274c,3
a5bed2b62,2
54791dc58,2
d0e5d766c,1
d0b98e001,1
f03ea3fd5,4
cdab8ba8e,3
c8eef30bd,2
994450113,1
6aee1d8da,3
9fb2a918d,1
72482852e,1
86da09472,2
50af1151a,2
4370b5ff7,2
2581f9792,1
c1b7a178a,1
4f75e3aa2,4
267f0065c,4
84998166f,4
c702e00d2,4
88bc9864c,4
8f49d2828,1
5f9abe87c,3
bd331b74e,3
63ba3f4a7,4
37c989ac5,2
b3111f360,1
88cdc9a60,1
2a6bb49f5,2
be8901107,3
5c810c552,1
35907f15e,2
18aa41749,3
6ea58b8ac,2
b119aa181,1
b5974bdd0,1
ae19ab91d,1
06bf9e676,1
5bb7dbfc2,1
e8a1f3d1b,4
fa1c96e93,1
37f8a39c4,4
907f77c78,4
0d25fb291,2
8b2d9c8f5,3
cfe4df8c6,1
db4165316,0
3b6f9b47b,1
81694b7db,1
f7a37173d,1
05bde54cc,4
cd2b84b66,2
d60dbdd7a,4
bd8312dcc,4
e11190906,3
39a784870,1
a0bdb767f,1
ce2004c9e,4
11d50c573,4
5b3c81931,2
1e62a77e1,2
1927c2ed2,3
6dacaf7cf,2
6d815d3ef,4
39bff85f9,3
03b0568b3,2
7448f3165,2
78631549e,4
5e8cbcc56,3
fa8cdf62e,3
b810732ac,4
3c0ca0676,3
d3ccb2482,1
18553e89b,0
077001793,3
bfa9377c9,2
36010cec4,3
c7726d2a4,1
b66715e26,1
59b224cc9,3
18c45e502,1
03c49f5aa,2
9fce612cf,1
129df65b1,1
594e3dc3f,4
774289137,3
81d6d070c,1
d2ba9bbf1,1
9cbc1fb81,1
de41ebc79,4
160dcaec8,1
959064f3c,3
193781ef0,2
958a86135,2
093a35049,2
84057a73d,4
ed40421f9,2
a3eb4fe4d,2
6c34a5944,1
355e8bc38,1
2acf3fdce,1
1ce555db8,2
c565589a8,2
5366eff00,3
97baac4eb,3
00156db4a,2
802290aa5,2
4db543276,1
175f4a910,1
58a79a8a1,2
16504b328,4
412d7406c,2
38f06e4fe,4
46687a6d1,4
cf8539482,3
1f983f20b,0
146005aa0,4
47d68f63c,2
fb67eb5d9,3
9a3224461,1
a18843d35,4
6df350974,1
086e528f0,2
0a555d688,2
7ac66a1c2,2
5943080b2,2
3e2c46391,1
261fc97ec,1
da2cbec0f,1
88819fc55,3
88448bdc5,3
c42153e51,2
062f73a4b,4
3ded98af9,3
a64e4905d,3
588ac0ef1,2
a21f20530,1
a3f6438ea,4
7983db8d9,4
f98b9d62a,1
9aa5ab22f,2
afda0a2dd,1
c17b66965,2
838934661,4
b34a4f038,1
b2145e15d,1
c292a8b67,4
0d6b8efdc,4
4d73d97fd,4
2d8ec2cff,3
1eb1f56ed,1
298ae7ea4,3
360f2c8b9,1
a4530b1d0,2
97c13bdf2,1
cc5892ce1,4
7678afa65,4
46ed43d61,2
553d1ee3b,1
f34d62be0,2
3bc84c4a9,3
6b446b436,2
0602a34f3,1
d8e2f840e,3
6e3d78857,3
b574af70f,2
e23c47d1e,1
f4c32b8a5,4
7d4fceffc,3
dfc3301fb,1
9d4f21d40,4
31b3d9b10,1
6cbc126fc,3
48432dfa0,3
dd55841d4,2
1e87e4110,2
81ffabdc8,2
3e82bfd8d,2
0bf83cc3e,4
70a7a71fe,4
19efe1616,3
24afd5f54,3
393365063,2
5de76fac6,3
32afa462f,1
5009ff19c,3
7b9b65bde,2
7986a1870,3
84efe95e8,4
e653e3c51,4
1cdb5d61f,1
791560e54,2
d4223dd4c,4
9c178d0f4,4
d353746a5,1
c73c8b6d1,2
03c1e47b4,3
923a58e31,4
cc54b47b4,1
3c1cc2c24,4
2e6fc0342,4
8cc02d983,1
99558286a,4
6308b5232,2
48a3fe4ac,3
e6f4d14a0,4
d476272d7,3
40fcff82b,1
907fc239e,2
d412201f6,1
5c60f7300,4
be5fb246e,2
3983e7c06,0
f4415e636,2
45c718348,3
764837930,3
9baf0d577,2
a8eed143b,2
9123c847a,4
4059df1bf,2
b88f141d5,4
2a9fd8dcd,1
19f5a15ab,2
a8a1d4151,3
2ac3ca459,2
f447d931c,1
0e920f96d,4
8bf0f354b,2
c0771fde0,3
670535e94,2
e58dd05c8,4
87b753139,3
5971694db,1
2cf927db8,2
d7de7e8fd,3
029641a1a,3
2ad939a78,1
111be067f,2
d02c3d99a,1
cb0c04621,3
cde5f25db,2
069762ec2,1
67c74483f,0
703c9a23b,1
e2b428f75,1
335aacd34,2
de19fca23,1
2a73c2356,4
ce344f70e,1
f15cd5cd9,3
2caa6639a,1
0aebdcbc4,4
d380185bc,2
89bd573e1,1
a80687cf1,1
d42b92c05,2
afd3ded05,2
8cc7f24f2,1
a0909c2bb,2
fded1ee28,1
495528ba4,4
9f24a0672,4
7b81592b9,2
5a299988c,1
799c6852c,2
168f1c6e9,3
8e6e57951,2
dbba10f87,3
0d7d16ce1,1
3ea49aa4f,1
09ef02857,0
884ccfdad,1
54fa86958,1
7b13bde34,2
4a27c67eb,1
ba2904fd9,1
52ad1225c,1
aba4e5336,2
dcf17ac48,1
8b396d0f4,0
804e56f9b,2
872317673,4
331a745e8,3
95c01e235,1
bca099371,2
a2656874e,2
1cfc647dc,2
a0bcee7e2,4
d4b5c41ac,2
7a6ef9da1,3
8aaa67ff2,4
a484694a1,1
0a3fc490f,2
fcf377cce,4
69c8c9463,3
33a6694b0,4
ca0bf0760,1
dffc5cef6,2
a40a8c0ce,4
26284d23a,4
979710375,3
9faeb952b,1
b9cb2f0fd,4
52d336af0,2
bb9ef04d1,3
abd7a3201,4
aca6b6256,3
db1f9bca1,2
8cdad4b1c,2
241b90aaa,1
e96d122ed,1
7942a5180,2
9aac5500a,3
672e9e752,1
420bdee9f,2
3eb8ef7b3,3
74f4cfdf6,0
1facdfb28,1
96c93dcc0,2
7af35cc82,1
49b868ae2,4
f0ba86cc6,1
93692767b,4
ba66a7a82,2
5dbd7f61b,3
01dd8880a,1
f296a9ee2,3
b98610e10,1
4ef15a1c6,2
e2e7a93fe,2
36f3f7027,2
966aaf6e2,4
a243c61c6,3
7ff979d3a,4
80255c391,3
7e3d0e3f0,3
cf7d3eec0,3
b532e9588,4
01bcfcde8,4
a97a37056,2
8cba08869,2
1c2dfa92d,1
9c336beb7,4
026c202c6,2
0e9c1385c,1
5110ff5f5,1
8d1640f3e,2
e297b5ede,1
eac9c6b7a,2
b0d54f76e,3
6518a598b,1
0605aab21,1
805461ad6,2
faf6a8cd0,4
6ea6cde88,3
3f53ec8cd,2
571ce0202,4
3f5804c61,2
5b3559bf2,4
ace26786b,3
ab87287a4,4
23874f644,4
e861279c2,1
70112a1b9,1
370d9c1ba,4
87975de34,3
badeec277,2
5e390710c,1
09eca4557,4
9fcc4951d,2
30dbb2e50,2
277e3979a,2
51c4018b8,2
4bb96a979,1
0f4291ce6,2
10711bb95,1
783a33f4c,1
087fbda7e,1
cfbd5c54d,3
6138cd70d,2
4b2aa880a,4
5457a593a,4
2ac1366f4,2
e65ac2a2e,1
356d41ee2,2
923a03e90,4
0d94f0378,0
3335796f3,4
abd7dcf2c,2
92ee0c92b,2
eed29a312,1
094636517,2
901ff85c1,2
a2e22831f,2
ea303d329,2
7e43a342a,2
85a0bad4f,4
531e56f63,4
25eec77c6,2
523af701f,2
a6d3839d8,4
3d63dfd14,2
35d04e039,3
05f00d521,2
b6637d165,1
bf9fe33d0,4
28ce3c3ea,1
9ba05432d,4
53b996932,1
e545bcd64,0
3ab64c5a4,3
aef2fa931,2
bf1b733a7,2
497312a16,2
6968f86dd,2
72e093c41,1
25dc712af,1
045d9a498,3
4aa9a342e,1
85078bc71,1
2a6d369bb,4
72acdecb7,3
6acd97990,1
1d2a7f0dd,3
3f4fff7b2,2
30e900b4a,1
fe2757847,1
cc3fe68d2,2
f69a878a6,2
cb33000d9,4
a5a4c2890,4
b7dda91fe,0
c91873618,3
da6950564,4
00eced1f0,1
c87f6d0e4,1
074042a24,3
8d39ce00b,1
23b64fe21,1
8a7fcc8cd,3
04f7eafde,2
007ffeccd,4
5f3a4dab0,3
c273ffe1e,1
abafdc972,4
105c28771,1
dcd7102d9,1
243aaaf6c,1
eb8adeef1,4
6bf713e5d,1
5d792dd24,2
56b63bfb3,3
517a669f2,1
6740be5a3,4
c32ecd5bf,2
81c4d25d6,2
86c412966,4
8cb6dfa5b,1
7931ba838,1
c37d5c957,4
5b7007847,1
b6256e92e,1
560232264,4
37865f566,3
9b6883f3c,4
ed2fc6f4f,3
5c716a537,3
14398288b,1
9d6c6055b,1
314e041cc,3
b3580fea4,4
8f42303f4,4
9a3c966a9,1
1936c68a5,3
a119ce67e,3
5ac95823c,1
706a9cd5c,4
9498e0379,4
ed81d1da8,1
97f8880f9,3
40c204453,2
42fc9a244,2
8eab07081,1
8b9739cef,3
726488db4,3
4a0adfdd0,3
6469a2a4a,1
292447561,4
3ca799ab8,1
4fac67d06,1
e90c988f5,4
a93c04347,0
c33c82dd5,2
8d0b0238c,4
440ab06be,2
9f194db92,2
47453584e,3
f4ae0ba7a,4
d994c86f0,1
484346fbc,3
af75249aa,2
70900313d,3
6f08386f4,1
7993d67e3,2
ec13e5f25,1
cc14a0fb9,2
9e4420002,4
a20d1e637,4
3c0c76a42,3
807ea3b72,1
d06076338,2
dcb42ee1e,3
4bdc7be69,1
db5a260fa,2
fe16bb525,1
fad223ef5,2
e40290fa0,4
83976eb62,2
3b901ae31,1
b79df3351,1
3ac0662c8,2
89bdd90b8,4
f91ffd577,4
4f279d30c,4
63fda9824,3
fe3a83fe5,1
2ba66d1e1,1
cb07ad856,4
1d48855c5,2
fe0a74b2b,4
57a93e9a6,3
0aaf6976a,2
b8acbc614,1
eff316e87,4
fd9375e71,1
06afa3c64,4
57ac7373a,3
3a7b85800,1
485cff597,2
514319114,3
784e466b1,2
73c4d95a2,3
fcc2ea490,1
2d725d001,1
687c0c2cd,4
8cce291a9,4
8e372fc09,1
3bb1086d6,3
1a9e7158e,2
9d8f22942,4
62332ea2c,2
760c7d8ac,2
1652a3e1e,1
41e792442,2
a6e7b6870,1
4dbcd1d36,3
2aaa0c8b6,2
96b7978d2,2
66a1d5bc4,4
4a4d8cadb,4
5980b0699,1
a37e46e35,2
b7b07aaec,1
cb8cce181,2
69c1801cb,1
8834ac7da,4
c552e255a,2
a19305a1a,1
4ea111bbe,1
8ec043344,4
14ee9a2bb,4
fa45ffcb8,4
8c2d37546,4
b99186353,2
ef0fde5be,4
0fea56eb9,1
1c107ce2b,2
5944cef68,1
29bcccb7c,3
3316a5619,0
50b022696,1
4c5db9ed6,3
1bbb46822,3
eda903960,2
35bd82365,4
0be09ae87,4
4c9ea9908,1
9191da7b5,2
d31b3f33b,1
f235e6a5a,2
243925f5e,1
9183ef863,2
cc261e309,1
6dd6363f0,4
a2c44393c,4
f000f169a,2
787f3055b,3
4ee566501,2
6ef02d7e9,4
aa741b626,1
0bc671d5e,4
88b992d13,4
1712ba40e,1
3a97c693e,2
e736f4022,0
0b4a33baa,4
969b9bb00,4
988988d5b,2
523f4a05e,1
76358e754,2
1d4574c90,1
2cdaa8a5d,4
5bb4cc5d3,3
44c2e1fd1,4
8f2c9671d,2
349fe9b9b,1
93a9cf943,1
bef897b2b,1
cbe4be41b,0
6c55e596d,3
eb8620132,1
0ae247e90,2
282c0ac61,1
15a491e20,1
89dd8e9e9,1
60bf93971,1
79186dded,4
711bebb99,4
dcd0002db,4
bd6a6d0dd,2
cf8325fae,4
93dc36260,1
9162433d5,4
a61776aba,4
03c323fcf,2
97a020fe8,2
018cb4eaf,3
c31f3d3f3,3
fce854722,2
0434520ef,4
6fa5384b8,1
5ddfaab43,1
e0736a22f,1
51cdc726a,4
6d6bb4a66,0
a76cbec89,3
1eeb50e8f,4
ddd926335,4
bb675d874,1
15b6026b1,1
2f4b73413,4
1104fe6bb,1
037464956,3
741524a39,4
81eb7857d,2
4f7bfcb68,4
b3cf90bd1,2
4f6a0e54d,3
90b438e96,2
d4e96e3ce,4
527b6112b,4
ab38d8710,1
ce19e69ff,2
02a13b2cb,4
61bf517f2,1
dbf579546,1
070014779,1
7199d2d4c,1
74b9e9fc0,1
09e9110e2,4
867057e77,3
7d0fcdd6d,3
766c2cd92,4
d1ef0568d,2
a24bb77d1,4
e8e8a47fd,2
5ca7a1543,3
25765058c,2
e2ecf822a,0
f6ad159f1,1
109d21b69,4
ad002785c,1
cd091f4cf,1
0e8c2a1aa,3
edf0ff7e4,4
22d381889,3
6d4bdde4c,2
b34a57b41,4
244cca93e,3
7abf263f7,4
2cf6ead97,2
67e41958c,2
886debfe8,3
b4d54e67c,1
bbf6ed419,2
c7ef9e0bf,4
8044a4f7e,4
147e587da,3
cad1a9f54,2
35c761c35,3
95183dc31,1
a116545f6,3
70f92bae8,4
82f95b703,2
71edb3344,2
0d85af6c4,3
117a7da85,4
7f7e9db52,4
fff6f2f61,3
cedeef1a7,2
21178f3b0,1
420f5cd9c,2
755f10f8a,2
67d74124e,3
9351715a9,0
d77baafda,2
710dc1661,2
90f09b568,3
0045ed62a,1
11c88e3be,2
cbd8840cd,1
37fdaf339,1
abbe2568f,2
fd3804c20,2
44c8447f9,2
0286dd665,1
2a726e0a2,1
b2d464e39,1
3a3ae56f1,4
6d9b202c9,1
fd139f4e4,3
b690774cb,2
81da09ea9,3
410490c8d,3
b1d288322,1
3e3743dc7,2
1b71de34e,4
40fa64194,1
6c5f1f0a3,2
5f1896e5d,1
e65375c05,2
90ce48a71,2
207ad2902,1
91288ac35,1
2b38b60d2,3
933b2b3d4,2
ad8b02fcc,1
f7554df6d,2
f2b8dbfde,1
7adb5f44c,3
44dcffea3,2
f4821de20,2
4c1f97540,1
8dea6d23b,2
6568f907c,3
fd32c2466,2
1b0c683e7,1
c74126469,1
8f21fee9f,4
aeb17dd99,1
dc7dad1da,3
ab2254697,4
caf786c94,1
a9fb31e59,2
ff7d25ffb,3
266aee5b3,4
8b12f497f,4
876453f9d,2
582c02d86,4
4298e4c15,1
e826027f6,4
d79342c8d,3
b4d16b6f6,3
bb1afbaf2,3
802986a45,1
eaf13651e,2
cbbf3acfc,1
a868df43f,1
22230a3ea,1
162195d38,2
be36182ea,1
82db604c8,3
91d6a2898,3
0d47275d4,3
a9c3f27cc,1
f50d4f5bc,1
a0fb13b2e,1
b9005c792,2
97b32f734,1
d0b337200,3
3a4178fe9,1
f85ae1408,2
f205876aa,4
c1ba2169b,3
d1265050f,3
5ab4a7a66,3
adc7713b1,1
0c64363af,4
b589d804e,3
35bbdb5fd,2
27e6b452b,4
4a0cda147,3
c160e581a,3
1e5b2baa8,2
3735485c1,2
8f3392f18,1
d9c151e72,3
d71310023,1
85594fcaf,4
807ba246d,4
1caa6fcdb,4
31e266863,1
27aa5bbfe,2
3fed382c0,4
eb5ce7ea2,1
710126170,0
196504d88,0
952501bdb,2
d3f157880,4
172332f53,1
ae58f28bc,2
d0566e4db,2
5971c2462,4
9cc2822d9,4
0243911ea,1
32f97388e,1
4dc36183c,4
13fb61859,2
682fa5135,2
0a266921d,1
84b297843,4
cc068a979,2
6da753c92,4
9d64175e7,4
628f11673,4
a952a211e,2
86c7b7486,2
bd870f5b1,2
979bab13e,3
d2b59ecaa,1
21b5e3d22,3
209dab64b,1
063e2d021,3
86d20d7e4,1
28484f496,1
218430ef9,1
9e557af46,1
dd13b36c6,1
82607d1cf,1
8722dfeed,1
12e711074,2
b47536db5,3
478312b59,1
c77a68714,3
3a64a5704,2
03f65bdd3,1
35b9530a6,3
b08e63db8,1
0142670c8,4
58a10d0cd,3
1d86e9d9d,3
752c2658d,1
52da0c86c,3
d0c3c032a,1
00a1a8af4,3
82ea3883e,1
cea6df421,3
b4f476ab1,1
628e30f3b,2
46d9b2934,2
a7560614d,2
380deeb29,4
2a19120e7,4
207d61997,1
af1125994,4
1e140177f,4
3da55a076,2
9278f7216,2
d3c79cf76,3
2ae2246a7,3
d096658bb,2
81a1cb1b2,2
ed6684f3a,1
9e6d5d0df,2
5bc5e3faa,1
fd2d48292,2
5eb152e2a,2
269d8414a,4
336504b7d,1
73501589f,2
254dd6ba7,3
7d967671a,1
09c7b610e,2
e2aa20dbd,3
a6af385f0,2
3666cdd80,3
705117847,4
2852d3c30,1
f7c487e58,4
8e9946952,0
49f6a8909,2
02fee7295,2
ea6f69d0a,2
3bbbccce4,2
5569b346f,1
bddf43d72,4
aba00e1f9,2
cf2e67122,4
846ca7805,4
b310f969f,1
777f82721,4
c56432da8,2
d404012af,4
c0677007e,1
ff361d3b6,3
0b817da84,0
2275c7ba3,1
0e1a2937a,1
51572cdd3,3
f4316f2bc,2
838e46496,4
e995f65fc,4
ab4b4681b,3
886d23c56,2
5d3289417,1
7e87938c3,3
dad58d0a7,4
f7d93d4e8,1
e66a993a5,3
c36943627,4
dc4747d5c,4
1ddc14ad6,1
289cc7f88,2
03cdd9324,2
a7be93837,1
4999e2693,3
7f40cce5f,4
261c4115b,2
77c9c2e64,3
ba2d4e877,1
35f8b4bff,2
500327aed,4
3c4b478e1,1
bde802b84,4
244144067,2
0ac71c2c1,0
8e2723a38,2
427acc248,1
b7006ed96,4
06bfadf29,4
3622c0bcf,4
725ee6572,3
2edce7d92,4
4405cc72c,1
0e1a54250,3
e62c62127,2
97c58d897,1
35e96ea98,4
b16b24c21,1
c879064dc,3
10949ac80,1
f4e2b49f5,2
ce0deaac0,4
e67f7787d,1
9598a1528,2
d302ad015,3
9550556bf,1
95bc62678,4
279895e23,3
199fd5d5f,2
7117c4553,2
a14caa3ea,2
9951b9762,2
45bec784b,3
bea72e6c5,4
ef5fcd597,1
26662f4f9,2
a0c64fbad,2
a0cc9df12,2
2bf4445c7,1
b551658f4,1
bca8b44ae,1
487531377,0
ed6e38af6,3
16f2fa5c7,1
e07812482,1
1b9cedf4a,4
99a9c9a23,3
d574448ee,4
b31d0dd8d,2
8e881542f,4
e70a2beb6,2
94aec9453,1
c4e0d125b,2
bf50b399e,2
283c4248e,1
8f22842c0,4
8b3afe216,2
d8c1859cb,2
b7e7211e7,3
eee978cc3,1
97dd55a08,4
e8f6ede8c,4
42af80bc3,1
631a6a27e,1
f13ba84ac,1
bc695e9d0,4
703105908,1
01d646ea8,2
ae38b9254,2
e936f5f63,3
f680cd37a,2
52c15bfee,2
4931c712b,1
1f2573b47,4
a09a76aba,1
f88fd5ee5,2
bf9bd91e1,3
33c73d9ad,2
0e6c32c9f,1
0627105f6,1
d31e4c6c8,3
125edf869,4
5afb6da05,4
bd18b6cf6,0
30bfebc76,3
2ad565311,1
788ea6e94,4
f8db6e695,1
cb5e73024,3
ace21b6b1,1
246c3850a,4
ab10e0e8c,0
9c8209bae,2
35296e056,3
8040ff400,1
b4f69489c,2
105456da4,0
4fdebca57,3
eb350f2bc,0
046d3a9d9,0
4f5fd467a,1
a85548db7,4
c0604b559,1
b66cae579,1
1b5af7749,1
3e42f0f7a,1
2e5e35de8,1
f743a63aa,2
51c04983b,3
daed4ac40,2
010a59236,2
d1a2da8ef,4
331c0bbf3,4
f2aac285e,3
bec6fb5cd,2
3122253f4,0
37a8dcdce,4
2fe1eb7b8,4
cf98480e0,1
c86c76857,1
bbd8a4220,0
ef7ffcc3e,0
015b8b722,2
8b9a1b086,2
e7a74fca8,2
9488e6011,2
375a0eb3c,4
3fc2f9495,2
8039a31ae,4
45e8bd99a,4
4e37bb1e2,3
d9f692e74,0
abaf6c9ee,4
a39e58f1f,1
2ac4dd8c2,4
b80074591,2
8ca443ef0,3
b03c17502,2
80621df6b,3
d320b7121,4
01ba86830,1
3029fcad6,4
186779691,2
d86d7a70e,4
5419155f2,1
73d65de2d,1
519bc8382,2
fe5bc83d2,1
1b945f406,1
189a8292b,4
af9eac2be,1
53cd96ef8,4
fcdf8c8ff,1
e3d68b63c,4
ce788268c,1
f8e3f9ddf,3
0935ab38b,1
38f6f3011,4
11a337bfa,3
6661d0fff,1
ffb3a78e1,2
91c2159dd,3
eb4c66e7a,4
dda9d6e6a,4
45271caa8,2
f94991b4c,2
1de2c7e27,4
0ecc1200a,1
f3f8d5097,1
306989556,4
5297d9ba8,2
0ce866a04,4
2b0298091,2
0a14ac037,1
ef8782012,1
9bcd62ef1,1
4dfd61242,4
9e51267f5,3
2c3d7804c,4
df8ad80b3,2
3cc43a157,1
e9ac456b3,3
c2eec623c,4
ad5250ecf,3
474f23a3a,3
a7d65135d,1
8b1be44c6,3
12537b530,3
567c1ab71,3
652ad7684,3
caa5d1e6b,1
6d24fab68,4
26901ccb0,2
7a6dbcbbb,4
4512e1ea8,2
d4f813a7e,2
eea30b615,1
a98716d75,1
9ef11ed6e,2
162c1d98a,1
920a44cbb,3
3ae51e685,3
d4bffbe04,2
d2dbe8b09,4
5b8ee289f,1
4b0b7dd2f,1
c9efae474,1
79e510cb9,2
c491ec026,2
8dfe4da6a,2
3e25d4fb8,2
467bd5bc8,1
a113449ce,2
9242ba394,4
19b7a9e47,3
9fab4e65f,1
c996b2baf,1
30d293a39,1
edcc13ccb,1
821bd9373,2
4f3b3314c,3
dffd9f2ff,2
d37659c5d,3
18286db6a,2
152880177,2
8ccb8778d,1
583d4b36c,2
1e34e1ebe,3
76de48e98,3
6bed4e9d5,4
3313aa06f,2
64eed5e14,3
2b0896bbe,4
529c2e04b,2
10a3c8b71,1
8c7b2f093,4
3d3aef491,4
283d93104,3
4068b452d,4
beb93c6ab,4
21493e6ea,1
17cbebba6,4
63f28922e,4
780dff088,4
72ec92880,1
6aa6cfaaa,2
36ddc4f2d,1
4836bf864,2
9ccf125f1,1
5c60d114f,2
2a2b95086,4
791e6dc19,4
527071e27,2
228117dca,3
8581566cb,3
5bd541f6f,3
52363327c,4
d39c87657,1
79f8b048f,3
3fa341801,2
b1239feb4,1
2ca18c1e3,1
db745332f,2
6a393b32a,2
cb062285d,3
7023f6b45,2
cf6995fef,4
0f0f81a37,2
be23e42d0,4
3bedb1ef9,4
c86e1aab2,2
76a8ffac4,1
9fecfc736,2
8b01f5e06,1
4f58a37d5,1
48a44eac5,2
c5f1eb8b6,3
92c48ece4,4
e60195d5c,1
9981290b2,4
9fb8e5e73,2
3eee4f608,4
396910627,2
94f9f7789,3
6f0d943dc,4
e90e0ffae,3
b3543dda3,2
64c1c412b,3
1e0be9e49,2
4fc7557be,1
97aa9eeac,4
e742a643d,4
c76e9857b,1
4559bd457,3
0a98163c8,1
afdc5f01d,2
7bf8a38ee,1
3521fe7b3,2
42d565331,0
8aa1e5830,1
1c4d99f6e,4
1b4690d1f,2
7b3332622,3
271712276,1
87a3ef269,1
870d3b2aa,2
a94208b35,3
85c65d28b,2
99a0196aa,2
c67d871e3,4
dba5f0e5c,1
d1de97c49,2
4409a68b9,2
206dbf18e,2
5fcd44bf9,3
3f5f5782f,2
2416a2da1,4
3d7275647,1
630fe24e7,2
bc4ba2449,3
73a2be705,2
2374a1c12,2
1ff51137d,2
a29c12bef,4
c8cf205ee,0
24890da9b,2
330943a7e,1
e20a1885f,1
33f056cc7,2
e486185f9,1
eb8aeff64,2
d8b05d43d,1
db9539604,4
ca21c4266,3
9427a0125,2
8feefe84d,3
3cdbf07be,1
f246cb734,2
4d8bf7feb,4
a44d42407,1
6a9d18d89,4
4d4c7be64,1
5fc71c87e,4
371d7e8ad,0
28dfa1c39,4
e723eee29,1
5abbde253,0
9d7c4455c,4
6668704bf,1
c1816081f,4
a8e4a881b,1
2bbca459e,3
964dd458f,1
a5b5eccb6,1
05d2022eb,3
a809464ca,4
ff47b9a27,1
655cfc630,1
da840f8d4,2
7d6d03de2,4
1b368f29c,2
3d97fa45c,3
628439a3a,0
8a3c86cde,3
2befe2607,1
b8088575c,3
5943167f1,2
b085671fa,1
c66946e39,2
916c891aa,1
74cd0ff66,3
3cfec8730,3
3af1dedf7,2
0fa63169f,2
5347d6835,3
b95d067a2,4
79799da25,4
19d8b1d8e,0
935098bbf,1
9f41a024f,1
269a6756f,1
d4b2dcfb6,3
ee6601d0b,4
a47dfb645,1
9e25c09b2,4
20845a37b,1
4f66fa0c3,4
bb16182f7,4
0bf9dfa21,4
9468e2ed1,4
699ee7fa6,1
5d32494f0,2
d33c9174f,2
22d9719f8,2
c4be004d4,3
448770499,2
2e5d8fd10,4
59c3497c1,2
649589d9f,2
21c281e66,2
06f523361,2
c7b468b32,4
338dddea9,0
7f3781bec,1
0f0219fd7,1
8760ee6e3,4
0714145e6,2
982dce813,2
648897870,3
688b3183d,3
8f639ea65,4
b5ff2b987,2
d7f938acd,2
b6fbfa344,4
5f79b840f,4
dd365668d,4
c8c55eb19,1
e94f842c0,3
34fd2f89a,2
86f7b4013,2
f017041ca,2
34dd3cb69,4
c6d7271e8,4
ea9d13261,1
c5db00aa6,2
a640f7cf6,4
096a97631,4
bbdcd94a9,4
060d1de98,4
52ec30101,4
0a4203544,2
a845ba4d6,2
136f22028,1
f6510f0c2,1
8ad784999,3
44175f75c,1
ddd7cc601,4
cfd0757cf,4
b1d2cb34d,1
eff4a47b5,1
a2b2f53be,1
6e9e903c6,2
de7905c9c,4
6cafa50dd,2
095de41ba,2
9e6f98ce2,3
eb900ff8a,2
e50fb0c6c,4
7188b5e8c,4
d1878035a,3
4138a8f48,1
11aa441fe,4
80fd005d2,3
e76929e2b,1
94e9e97c4,4
c49480455,1
a6e37f91b,3
9c4af0f83,1
c9595d1f6,3
3681bfdb9,2
29a9fdad5,4
9c5f43178,3
9304f9f8b,4
38506d4ea,4
a1be4d855,2
59d42b6bb,2
ff867121e,1
c05b7439a,1
0be5af159,2
0e49c7f19,3
c15d26817,2
ceec02726,3
8a615bfca,3
19f4d65b7,3
64a40211a,1
73ec4c916,2
be340bbe7,2
16ac32123,2
a01ad9084,1
bcd6d7e62,4
0b243ba27,3
ab2bb4a0c,2
d21cfa860,3
5aefb7197,3
a1e9aae7c,1
400c2ccab,2
c8bc66245,4
b3c2305b0,1
303ecdb58,4
0f27a7baa,2
6e642352c,3
106e252d9,1
3e2cc2690,2
d02861aca,4
8f31c806f,2
bb567f5cd,3
c383e3e7b,4
d22561762,1
a3e85821d,1
5ab714faa,2
d31cc5eb8,2
e3b6b7d2e,4
87e1b0c16,1
419d296e7,4
4a590a1cc,4
0cce7d218,1
7e69c99bc,2
f031aaaef,1
005afe792,1
083687ba1,4
c5b717bc2,2
eb3b2ad1f,3
e32c29f03,4
0ba16b529,2
cc492b6b5,2
0cda0894a,2
e3a5332ce,2
5a2a433c2,2
efd269df8,1
d08d2829f,2
e470b6bd3,1
0073c33d0,2
53759835a,1
72626612c,1
5d0551d53,3
b859b9fa0,2
e83f846eb,2
50361acf5,4
554965e66,2
e570d64ac,1
b43155295,2
73a25206b,4
34fe22f69,3
261cbe336,3
833c51fd2,3
feff505f1,4
edf74226c,2
46feadc45,1
f794655ee,2
bb74d75c2,4
bf2f87f17,4
52a88696e,1
65dd20146,1
856005eae,3
2d88536fc,2
04e7d89c0,2
9b5df2f3d,1
bd0a144b0,1
0a83235b2,1
e4bc68f06,4
74f391caa,3
a032cd2e1,3
731a2ef80,4
975091325,2
36ea16468,3
a63a0ac25,2
9099eb9ee,2
c1985add1,2
aee44eb09,4
5ebe00ac2,2
37fb97f8b,3
7f1bb8d32,3
87c19915b,3
0b8e1dd80,1
87520e2c9,2
13d30c173,1
618430208,1
1e6130d74,3
fa94b21d1,2
75fa09239,4
d29d34cfe,1
74517d04f,1
57ffecfd8,1
90fe2bf72,4
2ba9dfe93,2
4518f180e,2
26a4d7052,2
af0494f60,4
f096fcbc6,3
bb43b6a0d,3
5edf4d9bb,3
222a3f408,1
a55f8d58a,2
1bc0f89d8,2
f0b2787f5,4
ba6ea2d18,3
07cc0ce27,2
62ad62e0a,3
edd25890d,2
85114144b,1
022b37ea0,2
ac1629362,2
de884d234,4
01e93552a,4
6a0f0b8c0,1
57785dbb8,2
3828225de,2
17ba1d7ce,2
a8f17e0de,4
660dd8ded,2
0f9f0dd0e,2
2932eac8e,4
0fe8ffc8e,4
98b1fe759,2
f7b533990,2
230009c15,4
0ca5a506e,2
bc9036716,2
f5d0fdd2c,4
e5155cda1,2
37bf6da18,1
fd53d5f04,4
74c161846,0
b879a154c,1
113926f03,4
f1164babb,4
ecc64a258,4
c68bc0253,3
c9e86cf3c,4
51b7034e6,3
a6171ee98,3
8ac51d5ce,4
69a1b02f6,3
3c008b0b7,2
b271a8246,4
dd4b67059,2
3e50a5575,2
6314ae1c4,1
7395053bc,4
7b8fd895c,1
f72ec09ba,4
816005a03,1
847a8b31d,4
3c3b9b731,1
f399cf0d2,2
1eb6e3ae1,2
813db4d5a,2
2ebb5aa64,3
c5af48975,3
29f557bd3,4
33dda6165,4
ef1c393e4,2
a25a5ad9e,2
bdab91b8c,4
6c48c9154,1
f348564a5,1
858b1443e,4
efeabd288,1
ef5a07ae2,2
b5b9c3c05,1
00f3a3993,4
28c005011,1
8ae60c34e,4
dafa3b086,1
63f01ff3e,1
a662f1d7e,1
c40052aba,4
7c6cc4bba,3
c3eefdcd8,4
cd469a42f,4
fa0295935,3
232aee73d,4
054f35a8c,4
303696f08,1
c4ff3b712,3
b9f90bdfe,4
fda1395ab,4
86bf33207,2
e1b3455c8,1
1533ebfd4,0
b3a42fc4a,1
0edb4e3b2,4
0f58e5dd5,2
da8054bfa,2
b16fae336,3
f19658d12,1
429296d6e,1
a6b0179fb,4
db27a0a42,4
213cf987d,1
dbcfcf50c,3
04dc94c39,1
05e3bc1ae,4
14bf62107,4
05fb5b403,2
5dff45cff,1
b7cb6e33e,0
fd717a456,1
02c39fd73,3
953e3ebd4,3
88af83705,2
e6e4a6f37,1
7538304d6,2
e2a9dd71a,4
3338e5ec6,2
2633bc461,3
86550c5dc,4
c9206bc13,4
8dc7b3ffa,1
ff9f62e79,4
c87b301c0,1
b04a0dd9e,2
1498a5e81,1
d7d371a3d,4
cc8518f88,1
998488372,1
b22e78544,2
5ca64db1a,4
eeb377c0b,4
7390b70c5,3
9a7a6f554,0
fd39fef15,1
2352b7f0e,3
7b5012939,1
ccbd1f9fc,4
8dfe71419,4
9b227ae56,1
2962fc103,1
c4e1afd9e,1
b66a74309,2
35593da00,2
207c24fd3,3
a7e623e5a,1
774de959c,2
74f3293ad,4
8a4e70a21,4
ac384792b,2
0e783a2e1,4
6bbd4bbdc,1
c27f27a68,2
5bc5b2ced,2
2def0a43e,2
aba03a4c5,0
581ce1910,2
6b4a3074d,1
3cc6084ca,1
07eb56db1,1
a543418a3,3
d41649df9,1
e432ee48e,2
9ec161c16,4
5fd83540b,2
b38a74866,1
acca0b2ed,4
5ea10e37f,2
e09c0a3be,1
4e774a9c7,1
4fedc2eb6,3
0bdd7f7ac,2
086857d70,2
4747bead4,3
184a51562,4
000a290e4,2
fa07f7477,1
78a99e7a9,4
c63dc4adb,4
a345b4406,2
6a1240a5d,1
351d29156,1
65df826e8,2
ddc628647,2
d2f216860,2
1772727a1,2
497ef36aa,3
be5f7a129,3
64b1db30c,1
f861fe441,2
bde40e198,2
2380da455,2
ea11b6f12,4
a27a03914,1
bd763ab11,2
9aee8fe5a,3
b37af97a8,4
1f70f8112,4
8abb96298,3
c61aef5bc,2
d8b0d6ad9,1
6914ade58,2
27cd530db,4
29d36f5b3,1
f8619af42,4
cd067a495,2
20fc75f2c,2
a9ec75efb,0
f8fb0aa55,2
c240d153f,2
1f858046c,4
5dbb2fd0b,1
b9c0de515,1
293061205,1
f5bbf322d,1
91b088719,4
6c3b8c99c,1
6d945f8ec,1
c05a9c0c8,3
369d96f21,2
96792a909,1
4e1034525,1
0baab7556,1
8411ba490,0
c1ed7562f,3
04a30a9ea,2
f5e310e82,1
be4acc363,4
90b927fdd,1
1542ab941,3
a4de6ea51,4
965054b9e,2
3f568e3a2,1
9e165fb1c,1
f9715a897,4
814740bc3,1
124eeac80,1
b8f60eb7e,4
f8654865f,1
017d966eb,3
ce18c7a4b,3
358270782,4
030387828,2
c1c0405ef,4
bbc6d3812,1
dabe9ac5c,2
fd6dd3835,2
4fd97d6fe,3
0497c5ed8,4
1b0d28fab,3
8edd5d505,4
318c35c04,1
88030e16e,2
23056b4b6,2
7b9cc47f0,2
27b5a9db5,2
4d580adec,1
c6e25d716,3
9dd3b3bce,4
94dc821ee,4
a90d6fbee,1
aa3ee9d0b,3
9acd96273,4
21f4a6abf,0
03f48e12b,3
919a7dd34,2
0499e1ea8,2
b9aead110,2
f205b0649,2
99a705efe,1
7711871ae,1
91389ff80,3
642a88a93,1
9000f2766,0
7810092ba,2
f64a1a0c4,2
6381b1706,1
3913a43f9,2
5adb9d9b3,3
7f74af51f,3
aaca75307,1
1945c0690,3
26c3a9079,3
683f1dfd8,4
2d79572ae,4
c9ebb9992,0
1ef3f5030,2
24d3b54ec,2
ee5f5db50,4
e6821c448,1
ea055de86,2
2e41f018c,2
1fba191e3,4
4fc9dee58,3
307c5ca84,1
b822d0566,4
afc933f32,4
c7561189e,4
27ec72a29,3
6cb5e1b06,1
71b0f7f97,2
a03da4900,2
0532bf9d3,1
2eaccd3bf,4
2b95747f3,4
79314275c,0
f71d5c047,3
bd16029b7,2
38a780df6,4
aca9ddee7,1
ada57411b,3
058394848,1
8425c2a48,4
6210026f5,4
487f74408,1
ad463dd0a,2
178629125,4
4552e7972,2
dc8caa6d2,3
97dc6aa32,2
8fc9d6c1a,3
6f2374a43,3
7a1609dd4,1
cf76c794a,1
b8aa48ca7,1
1c901d8d7,1
1ca9db40b,2
ebabceece,4
63f7cacce,4
ca1df3f71,1
870fc2931,1
1d0a5c20a,4
c7c443855,4
9b9cadd98,2
3ff4a6c99,3
b147d1870,3
f2716e1e5,4
8df39788a,2
9a32cab94,2
d29627289,3
2288c4fc6,1
3a94fdf2d,3
be3508ce5,1
6f358dea9,2
a9391d398,4
303b3795f,2
f97d14e01,1
30254b35d,4
f7550219b,2
59e24567e,4
0b3b23c20,3
386e1a0fd,3
49a867af7,2
ff14c3dbe,1
f61cec80a,2
42448336b,2
4a6ee5d02,2
e317b2a73,1
d596234fc,0
1eb85ae31,1
8da3d6fc5,4
82f52a225,0
79a352e54,4
785a95244,2
5382ef1e5,2
ff4d9a3c6,4
701c5afba,2
1c40fd781,1
f7d121b3b,2
f3ed20ed7,1
e78e9736a,4
49ad7909d,4
97450a196,2
20b7e24b2,3
486f89692,4
2418f7929,4
eb21c0250,1
c76384236,3
3ce643dc5,3
1894ab073,1
b623d9449,2
e32467940,1
c1548b685,1
2907a1335,2
41a6a7467,3
f5c803412,2
7d7b5bf2f,4
41487b069,1
eb3101bcd,3
a630f3a73,1
414d8422f,2
695ae7cbe,1
756025f7c,1
83d36f269,3
b89c365c3,4
b37d04bd6,1
802b1f331,3
6333963fe,1
29c50ee9a,4
6dcb51c02,4
36e1415c8,2
8facdc86a,2
bf0dd40e3,2
4622342f4,2
e204110aa,2
21f095582,4
0cbe33a44,2
936e8cc95,1
3c29e8689,2
bcf546cb8,1
cdd815db9,4
fddd6ef11,4
0690278af,1
a4e4b1640,2
37bbc6060,2
f0ac69be1,3
9b2aaf395,2
23c8c5957,1
0b051c8b3,3
76024f2ed,4
d88f3ee34,1
1e62e6022,1
56b0b72b1,2
b12e22341,4
5f0efae69,1
38fc09756,3
5884b684d,1
38e12233c,4
d73b2a4c6,3
fb82bfecd,1
5546a54ef,1
65afa2be4,2
804d08f42,4
f785304ad,1
e56dc823a,2
5a3ea9e8a,3
d16f1d371,4
a02551367,1
c7b7dae2f,2
a05c489dc,2
f5257c5e4,2
941880ea3,4
5d00ca4d0,3
dd7ab4e26,1
df356def7,1
95b94b4ac,1
e04df6caf,2
90bfb8cb2,1
f72db59b3,2
15adc8d48,4
1d5870131,4
776354931,3
6ada9811e,4
9c580ca06,4
d3975e1bd,4
2563127ad,2
65ba8b6a0,3
2625dcb50,4
406a1e534,1
e8ec1a562,3
8cccc67d4,4
ead547f1b,3
832110a99,4
969634296,1
0c3cb3d44,4
c2fc23444,1
24e2a6ff5,3
2a36bc3b5,1
70a534945,4
2b446dd3c,4
deac22864,3
fb4078a22,2
f1e6fcd95,4
3ee594f5a,1
e46fa829b,1
4bce78644,2
3089a5bd8,1
779d50e4f,1
ef3fad107,1
4eb9088a2,1
b25d569cd,1
98c36e1bc,2
01d981c81,2
f4060848e,3
3402b3970,2
7d7fddaed,1
141a53bee,2
3433731c5,1
e4c2ab3c4,3
edd61c330,1
7b5bee232,4
4ea44a5b0,4
e38f07d89,4
33a51709e,3
85ff0f493,2
09a41530d,1
409d5bc3d,4
ab2c124e7,4
8ba1566de,1
c55e9baaf,2
b1c7e0838,1
412d6c47d,2
e4f17eace,4
10fa4505d,2
07558410c,2
0b3f851f0,0
01f976ec9,1
ec5aeb98a,1
c6df796ba,2
b3170958f,1
848338a56,2
489466e53,1
a3aaac2de,1
98bcfde91,1
c3a52fbbe,4
a688a434e,2
15937e540,1
d30c88c64,1
b342437c5,2
0bd394ec8,3
b178f36d1,3
ed5261f14,4
66064ba80,2
a5767a3da,1
49ad94a6a,1
175926b9c,1
c659e8a32,3
4d8f211f8,2
6917782f7,4
1f4ebd382,1
537b5f09b,4
1a38aecad,3
b2a23ac85,4
4cc8c07d5,3
1e7159da4,4
b36616178,2
5c1890dc7,3
0a6b9433e,2
d930f411f,2
164857bd8,0
331c39c92,4
05a05d562,1
919820452,4
0308c9eda,1
f35a5dd35,1
a3e73475f,2
997db5df5,3
bd485150e,1
e6a856527,2
14c70b2c2,2
91054dc16,3
c62a2a817,1
456c7a365,4
919ebd16f,1
0510cacd0,1
be4c2e0d5,2
ee8bf2efb,3
df706fd55,4
115d6458f,4
8ecb9aab0,2
0338fcdaf,2
c9d955ac9,4
8e76c8e39,4
5b59ef7ee,2
51df78553,2
4df0d1886,4
8a811328d,3
6326958d4,4
682cbe0f9,4
cc515ec8c,4
3e0d923df,4
e4eb08c79,1
e418eb448,1
bb76bfc79,2
e2f5253f7,4
525947b88,2
e6a5867d8,4
a1686cafa,2
75bd3a017,4
ed8703dd2,4
4d8bc908b,2
469bd2504,1
fe65d17b1,3
5a7207717,2
f6dc58442,4
66c28f55b,0
9f0635623,4
7c8960273,3
e0764fb9a,1
b7d2d752f,1
88b60278f,1
5781e566b,2
69b2e9f3f,4
8e4a80297,4
ed9d88a61,2
6c896760b,2
9a9f6c753,3
2bc51f69b,2
f6c3b531d,2
1dcb1fe2f,4
e909c484a,3
e8d0eedf7,2
bf5700a80,1
fa773690e,2
54c2d49bb,2
45c278a7d,4
40fa3f339,1
74e18bd5e,1
3821d75e9,3
f96ccddd5,2
24750a30f,4
0e88c1c1c,4
1edbf1acd,2
40b1839ea,3
0636650db,1
0025a8313,4
b652b7241,3
74ca92e79,4
2ba8bb04a,3
3dfe89264,2
29af2b6ec,2
759e2e94e,3
e940019a3,3
75b13bc88,1
cbd703fb6,4
865e968b4,1
9115f86cb,4
19c0c9d93,4
f867cc417,1
32acc8a7a,3
aa6fbdf20,4
967ee6c2e,4
73680f695,0
cae5c7ef1,1
2e2b3f60c,4
3f38aabf4,1
acc76c678,4
b943a95a3,1
eca179f5f,4
c82f54ef6,2
8509ad722,1
1f043910a,2
2a9a33d29,2
9eca51592,1
16a71f0de,2
ba72b4212,3
dfb8034b5,3
ddc94666d,1
1fd056050,4
647284f19,4
b2056e185,1
c81a8045f,2
15f0dc937,2
2f260b3da,1
9a7a99c23,1
5ef0ffe23,2
edb154f1c,1
ea3c51eb3,1
e811cd880,4
9afc068ae,3
323803a9b,2
6d75c2ccb,1
386990598,2
ca144ac2a,3
7321cbf99,1
9223ae4c4,4
3f0dca87f,1
bf01af28f,1
2160f2109,2
e2daa33db,4
410707dda,1
75f7beaf2,1
c3e1f5f86,2
783a31182,2
ed44605a0,2
6ae4fc251,2
5145c1766,1
1bc97732e,2
9e046289f,2
e74a85e34,2
2f3bed708,2
142da3f69,2
aa68a3672,4
60bc5ce92,1
d30087066,3
b126131d8,0
b06c1ad30,4
041cf403e,1
c8c7ef646,2
ece36dc30,0
e0dbd7901,4
087804d85,1
5dcdbaaa4,2
0c1e8a6f2,2
3eaae43f3,2
fab1170a2,2
bb15b64ea,3
11ad894e6,3
a8e6ad61c,2
65dc47112,1
3af2b1473,3
a6adb9a9f,1
642b0dbac,4
d6cfa5d4b,2
66125940b,1
09b3b9dfd,4
fff4a6420,0
fa253c6e7,3
25c1c662b,1
859bcc995,0
423c5b45f,2
1a952e440,3
591f1d67c,2
1ba42eca2,1
cea713af9,3
79f358573,4
1b1628128,3
db9ff390f,1
411bb17a0,1
0bcb2c2b5,2
e039f2392,2
578880eb3,3
f86f15c15,4
63adeea51,2
bd2084cc9,4
11c6fd29a,4
945a7a8dd,2
20d4ea30e,1
d653ae654,4
c85f29411,4
89c7be602,3
357707ba7,2
a6bc8d1a6,1
1adf071b0,3
ed9daa1ae,2
86219b4fe,1
3e26edfa8,4
fda10b9ed,2
6a5ba2ea7,3
1f33216f7,2
c675f3b10,2
f91147e5f,4
8cd1d06ab,4
099115d38,2
e5bc7aaa8,2
e2c54ef30,4
5b31b0fa4,1
d4c6c89ab,2
5d622bf92,3
f28c8090d,3
474db10df,1
e9b1363e5,3
d7fd0a30a,0
937c2e14f,2
eac9739c8,2
b630ac493,4
937d74077,2
bbab88df0,2
1c3f75c04,2
0fc52b599,4
b4d341b10,3
621a16b0c,4
ea05e0a19,4
1c07c6ee5,2
e0781fb0a,2
1d3dd0cb8,1
4a9793dfb,1
b65dc15af,2
dfff88c90,4
e6d59d514,2
0111f92ff,4
bfaca902b,1
bb817b755,3
b40ce1b96,2
71cc0a02e,2
d59322d58,2
e12797ab1,2
05252b175,1
4d7fd1ee8,2
93cfea76a,4
1a56bb056,2
345b95213,1
57af29aba,1
5accbdfad,1
9b6c3beb5,0
104c799db,1
14155e8c0,2
8bac2d757,1
ad56c5705,1
8170c6b01,1
faa139539,2
553752e54,2
4ed26a84a,3
fee5e43b2,2
bb4e0ddb3,2
e488a36cf,4
3863ab300,4
45bec4a13,1
6975353f1,1
0fb6881ae,1
d0c943132,4
132346d7e,3
284c50f77,1
d5aedc48b,3
daabe5f9d,2
e8b34f964,2
fc7706b56,1
bf74b13ab,4
6d3930bb1,1
0fd78af13,2
ac1eab621,1
d5f441f79,2
eff5c562e,1
cec78d912,1
32ad56035,4
1b7d01262,2
bb5f471dd,1
ee2793324,1
d6bd8b0f6,1
7b1c82382,4
6c75b9082,1
31049dc2e,1
ec0ef9572,2
7ac41d8ae,3
81a805fda,1
e58bebf13,2
444d1c6d6,1
9a1715a97,3
53b3ef282,1
d7a002088,1
43b277272,3
5e17c1fde,3
0ea0beb3c,3
8f331aa22,2
c4894fe2a,1
a8a8f95f6,1
092b32197,2
5e3994257,1
906ee1877,4
f461cc30a,4
01c7411ef,2
1e115d8ff,1
258fe3053,4
46b9595d0,4
03db2966b,2
7ecaa8636,3
6094997dd,2
8bcb0a0e6,1
0658597c9,4
df89cc1e0,0
34d903f17,1
07b2a1416,4
99b55ee76,3
0f366f264,2
e1c14443e,1
ba16888d7,1
0abff77fe,3
7d21dc4a8,1
c517992c8,2
0a38a1059,4
234a5a54c,3
d69a1f2a1,2
03f217352,3
e4253889f,1
8f85e69ee,4
2bf834f39,3
bfcbca117,4
ef4dce041,3
76aa06fb0,2
c38afccab,2
189eaf5c4,4
687be6419,1
6dd6775e2,1
fc9cf8b8d,2
6b86ed0e0,4
500728fdd,2
2b3ec0f96,4
25c7b5c5f,2
fa4314902,3
7013035d9,2
8d8ff1b29,2
5c5f306fa,2
ff6118cc2,1
0e4049f6d,3
c58018973,3
ef086278a,1
d4e6a9aab,1
038d06218,2
9ca6debf5,4
29ca8f313,1
5247209aa,2
858f4c013,1
0910c13a3,2
c36860383,0
8c5bf2766,3
8df0bb3b3,3
7efd5522d,3
b7e584546,1
110242085,2
7be394a98,1
5dff24075,2
a85457e16,2
310b5199f,3
a009a2f0f,1
2dc54e9fd,1
bc7ea0a3e,2
6296e909a,4
51a0d55ba,1
960f1a1d8,3
00904fc2c,2
951f0f32a,2
b5c0db93a,4
be07596c5,1
6824120c3,1
b6f77d754,2
194acc3f9,2
38470b3c1,1
45dea4033,4
eb81b0503,2
5b26ccfdf,1
449290a8b,1
f4ed1a08e,4
dd5797b7f,4
95eb301ed,4
6a908a708,2
47ad34749,1
67f351876,1
166040493,3
bdf4a9ed9,2
a34b7e199,4
d1d9012db,4
44ddc2e22,3
94e45a1a7,4
08a71b8d1,1
52d0469f8,3
1c9a90078,2
56c329fdf,2
7c559dedd,4
6b10d4880,3
a76fa694e,4
cbf3467d9,1
ed5f14fda,2
107864aeb,2
a237fba21,2
46d88ca3e,1
91633ef0b,4
208843e22,4
09a024035,2
9f48a8fe6,4
509180812,3
4ac47ceae,4
3d939327d,4
b3f69b209,2
9e5011264,3
f48b3cebb,4
bb32a589b,4
dbaa03313,2
27104e464,4
0d305f8c2,3
a17411df1,4
226e8fe7c,2
da1e7c53d,3
28cf4a84d,2
382cc2865,4
49006b8c3,4
36ccd9729,1
3fbc4677d,2
f6e45accc,1
68ab069e3,2
12380b365,1
082a9b790,2
62eb0363d,2
2208d2be1,1
bf9ce53b3,4
f0133d72c,4
6be26ea05,2
bd7bae691,3
b67261194,4
2260ef0a0,4
bc681e945,1
b97569bc9,3
9fd2b640f,1
d981b6395,1
e86af84c5,2
a372e8416,2
59f4e3255,1
6846c8719,1
07c284733,1
35fdb89c9,1
98673487c,1
cfa67dca2,4
fc4b199fa,4
27830acaa,3
78ccb8039,1
1be1868fd,1
a84afa62b,2
9945b5ac5,1
a21f5e84b,1
b62d80c49,4
c2aeb6a1f,3
706c85343,2
0eade2f7c,4
3ed4ada33,3
718c4b524,4
6bf6880bd,2
1a2c23d4c,0
4fec4436f,2
271bb0de8,3
06904db12,2
8d05a7ab1,4
d2d37c3c3,2
3a9f1c036,2
8c4c4bc6e,2
89c980093,2
ab503c64a,1
eb11a4321,1
3e924d284,4
deff069a2,2
506697cb9,4
6d22192b4,4
a72492a9d,1
ff9d8cb25,1
98567db2f,1
189bb90dc,1
6b29b45d9,3
ada1e6f38,1
021cb10fb,1
6e60043fe,3
76042f693,1
25c48e7ff,2
532b5a798,2
af4941f15,2
3a88e6c8f,2
632b28a99,2
c6942a43f,1
64f41ee68,3
9e1caf559,4
ec0316213,4
7bebfc2a8,3
871ca78ab,1
446748891,1
36f1c9d61,2
700de2c49,2
af514b027,2
6c5079e85,1
4f4028c04,2
147a0fbd6,2
b47109e90,3
1f9b856e0,4
20f82514c,3
e935ae1d8,3
3757e3734,4
57cd5663c,4
80ec7f00d,2
ba58bb1a4,1
a7a44933c,2
385028a00,1
ac31057e6,1
d35a6449f,0
8a4c95abd,1
e9eeadf82,4
8a3bb842e,2
5f9a836f8,2
5aeba57be,0
05c46d875,2
e0238b8c2,4
a2a899dab,2
f87c02978,1
ae6f25120,1
48d1e6446,1
72f891e55,4
748ca0bd4,1
929528b36,1
f9a962ccc,4
b4f1bc76e,1
1035db262,3
72519f841,2
6f08e9c5f,3
35cc85250,2
29900d942,2
24e5e366c,2
ca75db93c,1
fce9a96ce,1
41ee5af3c,1
284be445a,4
516646a4f,1
23463f8a8,1
f385d9645,3
df1d3b1ec,1
015da9e87,2
1a6729b6f,4
53923463d,4
17d90c2d9,3
14b3376eb,3
b01a81451,1
5b4dd9fb3,4
082838f84,4
2fc5c49c1,2
453750088,1
c994bc1b2,0
fae1e95de,2
573f51aca,3
87f4ea65f,2
e267af6d8,2
239495f90,3
a7344d7f5,2
ab3759aae,1
49382f7cb,1
76c3b16af,1
75bc667ae,2
baefc2985,2
e20655a10,3
ad5021d77,4
ee7c25387,2
4e3a1f99b,4
4891fdacd,4
59b66be84,2
9c996aee9,2
db08f8564,1
ae4e546cb,1
5d2f7761c,1
2172fb9fa,4
405b63ca5,2
54c5d6442,4
1a783228c,1
f068b8fdd,4
09e64ce2b,4
7ecd54695,4
4012be917,3
f0bb05fc7,4
ce0fbe463,2
2f05bd40c,1
ec2c40301,4
ae1db9841,2
f5fc7d4a5,2
4872c28b4,4
2ddbad288,2
53037f091,4
99859bab7,2
ed14eb16e,1
0b459b60b,4
1c16e813b,3
3dd6ea6bb,3
c6bb64d82,1
b3faddf18,2
d56553e2d,2
bfdc4cd9d,3
8ced67d36,0
c4a2fd15a,2
8da7afcd4,2
281e2d7e8,4
c71d537da,2
65829d12f,2
e833d08bb,2
28cc87730,2
30669fef4,2
3b61f8d97,0
a0c584c54,4
26161bad4,4
347be28a8,4
6d5b6616f,3
fc8c8d169,1
be7fbd988,2
092e6a628,1
f70a1bf5d,1
b3408d846,4
289112dd5,3
408d4d8e0,1
d33f713d0,1
a4c8f64c1,1
1c7d56a42,4
92d0ff357,2
dd8817ccb,2
8079e3a1c,1
f8bf52aea,2
e0d71d1af,1
fb30a71b2,4
7867f152c,3
87a16f3fb,2
0e1b8bb74,2
72418da1c,3
46ef61c91,1
fe2cc3feb,2
c8c313331,1
9351d5173,1
40156a896,2
1d911bffb,4
4a9d058f6,2
b7656e70f,1
6a8f9aa52,2
76e071fcb,2
42331ae6f,3
2ad3a6503,2
18f45d2ad,3
8a45e8492,2
df2051351,1
6e06e37bc,4
6a6e8e4eb,3
27bf3ae34,2
e481cf862,2
5afe2ebbc,1
e77b5a78f,3
c444c2936,4
3fd75e77d,2
803594e09,1
a6830bac1,4
fba2f803d,4
68a603bc3,1
57b9d7903,2
9bb035799,1
ef80d0222,2
d46569700,1
f3207cde7,1
d4ce7a1ed,1
a16f85c6f,3
073484a7d,3
2177b28d2,2
c9439e71b,3
7727b4dae,3
4a3380641,2
88487194e,4
26f026215,4
23cdf5f21,4
9e9a3285d,1
c790696c7,3
93df8b5c7,1
4b628f538,2
df6048227,3
4f623a979,3
c51c9e136,1
570b3eb92,4
f8efa040f,1
236dd6cca,2
c6c1048af,1
a734e866e,1
8e0d65b3e,4
0ac81fcc4,2
3be9dc4cd,4
ada6358f5,3
492fe3371,2
ab1777794,1
7964fc4ad,4
e72120027,3
c8264b581,2
20e4dbf48,2
bf87b176d,4
80de23d7a,2
138c79a01,1
67e6db7dc,4
da4b60344,2
d3dacde96,1
2c983fe89,3
c59fe4bcd,4
0ffe99b25,1
bd3fb8531,2
d4d6997e3,3
a3b415951,2
91bcb5a0a,0
4fb715361,2
74c7373bd,2
86c131c22,3
605fe21a1,2
ddd632a5f,1
110682438,4
9625d0998,3
d61dd6a6b,2
bbe2070aa,2
5c3d3fb3d,1
180f1ef16,4
bba3070ad,4
f0ac9ee6f,1
0052dcf47,3
0d551fb5b,4
2bec9dd86,1
2ac979cf7,2
187b92014,2
e4c9325d9,2
5aff9022b,3
2cf9de0a6,1
3d0b85658,4
0adebbf21,4
a578345c4,4
275df2552,2
ef30ade75,1
3991dd72d,1
3268dcfd0,4
8ef276c3b,2
31dbaafaa,2
5390fc59f,1
eee0b299c,2
fcb911968,1
b1a6fb38c,4
368b2adc1,4
b08012e7f,4
6344c2cde,4
c220b4764,1
d0b74ed53,1
d0f4115e6,0
0ac279a25,4
82e86dcbb,1
5698c00e2,2
db957842b,1
84f065b56,4
85188cb67,4
7b1211e80,4
f8530e295,2
a98d5b83b,2
af317c330,4
18f9fe19c,2
48c5a3c40,4
525b3147f,1
7432630e3,1
274c7f123,4
a4385e043,1
56ba19506,2
f0788c412,4
5360d72a3,1
4c3a2c536,4
6f12e6d07,4
657a54d36,3
91f87fa27,2
bfb33b149,3
b1988cdd5,4
bed675184,2
1cd5acd7a,1
81d82bda3,4
dd056b65a,2
e7a24f9e9,2
cddbe627c,3
38fb7c50c,1
f824e33a8,4
abdba6d36,2
559afad4f,4
0b6022baa,3
16673c028,2
9af8f154b,1
50af81612,1
da9339584,1
603892936,1
a2c44e0b3,3
c753c9bd8,2
c4718084c,0
08f54d056,1
7a2cadc09,3
f22f3578c,2
4c9cd051a,4
aabd8c0d6,1
f47679843,3
bd74f5ce8,4
1a54d4e92,2
e79dc4f9d,1
798a0cb05,1
6348b55cb,3
61f0927c3,1
f0137d4e3,2
0597b1859,3
89bec6af3,1
4c9f111f1,4
da424cdd7,4
1877d9a0d,1
d2512e37a,3
1fd464902,3
b89a89c58,3
30b9fbf81,4
f06cf606d,1
2618aa6a2,3
379da0b71,1
841bcd63f,1
6709f43e8,2
b8580c770,1
0eab258a9,2
7564c7b62,2
8ee6dae8d,4
3021613fd,4
79d56bb63,2
6a9f15d94,2
3928a4b23,3
2b82af067,1
52e6abd35,2
bb90447e5,3
f9df8656a,2
4335b2207,1
70503cc75,2
eb77ec282,1
c69bdf768,4
69a7461c2,2
c78cea205,1
84222fa53,2
e1ecc1b26,1
86547ad6d,4
11ce5617d,4
1ab364834,4
3099254c2,3
6b5c799b5,0
08710204e,3
e30182214,2
15ee5f008,2
fc5f63812,3
4910ac042,2
5edc72757,1
6afc6acee,1
b92781dca,2
3f169c299,2
f892c5908,2
f27915d51,2
9b71a3c06,4
6178884d1,2
a516d6ea0,3
9ebf6e448,2
1da4026cd,1
618bb4def,3
5376c81df,1
e2b705117,2
b533529a6,2
b79275092,4
470fba174,3
4c3bb438d,4
a25c1fe02,3
ea9003f0f,2
b319a0cd7,3
239b75387,1
45b295426,2
773243cf2,3
62b9cb163,2
8ee8b9d0f,1
32bc0b4fa,1
27a8bdbf8,2
5183f369d,4
455d243eb,2
10b9af23d,1
4baa2968b,1
affeb8b58,4
e617dd078,1
d4e9f53c9,4
2f3ff5116,2
fa323e99f,1
95af010cb,3
548df7912,3
011350faf,4
26b1d01eb,1
9d876d83a,1
9a4bbdd8d,3
f88144b9f,2
10b669bea,2
92caf1d01,2
e62224eeb,1
1123cd69d,2
b03983a09,1
045543730,2
59a08eeec,3
d3411347b,2
bdffad31f,4
55a754f92,1
fc19f9c36,2
4dc936ac7,2
05bbc9111,1
6d7d7753c,4
cca005e96,0
73b5c37dd,3
d6335be38,3
786486296,4
705d4f296,2
45d2ddcb8,1
1f58a286e,1
a0b82db0e,1
ef8d291b0,1
625543b75,0
c7bb75711,2
f40b68c08,1
a52a7c357,4
6c196faec,3
19d68bcc8,2
85ca390a0,1
16349e686,4
e73545fe5,1
c0b1f82b1,2
f67dcb4b3,2
faec94482,3
5e6a7ea61,4
ea099a3ec,3
52a23ae9d,1
a47931d69,3
0c05a138b,1
f4ea05a34,2
3f0c30d12,4
4b6c04393,2
45af03266,1
a5a4898db,2
27e649547,3
718a5d950,1
94ec1c180,1
117059fe3,3
f5e35ea02,2
f0ee32b27,2
9593c0350,1
8e01a6de2,4
2d7b61eb5,1
046256943,4
eb6c579d5,2
141b5d279,3
e45ec98a4,4
18b6fc5f0,2
3a67f200f,1
13c4c2d4c,3
da7895cbd,4
d7fac1aa9,1
417c09a08,3
b0a24f910,2
ac35bae60,2
67a68df4a,3
271ca0b0e,4
1bec8eb5e,2
7dac377c6,4
fbcf2baea,4
5e21ad5a7,1
dfe7a59b4,1
28ec2de89,3
2f3d368d3,2
de34278bc,1
19470706b,4
89c8b19eb,1
02f31f1ba,3
83defd365,3
bc14cca27,4
63f2e0940,1
b4ba15dbc,3
7f4fb6f7e,2
f310c42f2,2
39818f12c,3
9ea482068,3
56937e269,2
732fa3cb9,0
c6ce1ed64,2
8d8895245,1
1250404cf,4
8d876343e,2
9999b8c82,1
da8d56dff,2
6b24d9186,2
6aa9012fd,4
b60e920db,4
dd9bf8c28,4
56a0c2ccd,2
a486e2ab6,1
25bdd7d90,4
8fb06a963,3
8bf15c0b6,1
8d6c8d486,2
a7d44898b,1
a684871b0,0
04eda1e46,1
b16cb3f1e,1
1e45f7387,4
fc7f99ad7,4
d7c661670,2
17be61e34,3
7eb0b42b1,4
3af6477aa,2
fe790ba60,1
c740abfe1,2
08dfce1e7,2
9d513f46a,4
262c8cc14,3
fc2925be3,2
1696155ce,1
a0825ad18,1
de2d4f372,3
237343008,3
1b3dcf712,4
6153f9d64,4
990eec1b0,1
eb6bb82fd,4
c5b782f4e,1
4546c89b3,1
0e8a11aaa,4
05bb80312,2
d9fca8be8,1
1ce065496,3
4fbe0c2e5,1
71deb8267,2
9430042a3,4
42b8f0aa7,2
6f85ce1a9,2
2959602fc,3
e7b5ed1a2,3
ce5e6e407,4
d90bd59c3,4
b8f94e1ff,1
dabcf0e55,1
acd9e66f1,4
890127ff5,2
f94d8a2ba,1
ac52ba660,2
6c551fd9b,1
87e6807c7,3
bf6ef8c07,1
cdab9b66a,1
e3b589e13,4
229d33382,2
fbdf8c03a,1
82ab0ebbd,4
810ae61da,3
7c37095b6,2
64a0deeb0,4
af1b915b3,1
e4b550d46,3
5701c7885,4
868fb91f3,4
909d9e158,2
06abc52ac,0
bcdaf8640,4
6dcbe818e,2
3df923a0e,4
d2dd7e8c2,4
6ff9b83f0,4
99558ec92,3
dcd75bfdb,3
75332917e,2
63afbf2f2,4
69daafdd4,4
0e80de8ac,3
a6b5ed0f7,2
c91bfb2a1,2
5e3dc5d76,4
6c594bfb0,2
36bb93372,2
e0e392bfb,3
86ea9dda0,2
d3ac21f5d,1
6d2c3b550,2
90f1b0525,2
da7fe1120,3
6d84d3a2f,1
4463622c8,2
e2198e9c3,4
6edcc1f1b,2
375794bcb,3
469894776,4
b76e8c452,1
f12fc9ea7,4
4c26cf05d,3
bee984e11,4
8b0fa13e1,3
2c5f2907a,3
f0d254628,2
6ac437438,1
dcecf2ba5,1
043d8c534,4
edac63019,1
8e3fba2c2,3
9f7bf4f71,2
27ce98a2e,1
fc2012c7e,1
ea7ef6aee,2
ae64cc2e7,4
a30803552,2
bd7f4fcee,4
86dec16a3,0
5a089c77f,0
b48aa9d4a,3
f2117b204,1
a5f6e77bf,1
47fc12331,2
7fab9b8f3,4
96e9f6fd8,2
2691a20c0,2
a01a10c4b,1
e809de3b9,3
bdb89b424,2
5e7b512bb,1
183e445ea,2
42444811d,4
c611f493b,1
64070899d,1
6c9aeeb27,2
934546487,4
b53990a1d,3
f2ff942f1,4
e68926f8d,1
4555f9273,1
733b7cb27,2
6ab1ff108,1
f749cd744,1
a45142177,1
143027239,2
bb2a61d2b,2
a8f43bea5,2
409740892,1
2d572bc20,4
35c0c3aca,3
dd015cd22,1
17d578acc,4
e79487c5d,2
113252df2,4
b984a461b,2
3cc573384,1
ad6992c20,4
f62e604d6,3
bac34e381,2
228e88a51,3
b63d76ef4,4
7b79e52f0,2
7115607a0,4
890e7be2b,2
02a8e44b1,4
ec59f8c50,4
01dac4b22,1
3185aa328,4
1e1727250,4
ceed27182,1
db635ae93,4
727d25d09,1
a9914ea40,3
b93a2c373,3
4a0a6f8a7,1
99d5d4d41,1
2bfc5658b,3
b99644a34,1
ce0294cec,2
828ac8371,1
8f1ccbc6f,4
842528c2a,1
34c4e74a9,4
dcc316599,1
37d0748c2,1
dd308e46b,4
3e6d8a2c9,3
f0f9efd52,2
b2937acb6,3
3e768f382,2
a0c037929,3
fd1cd576c,4
c66f97de2,2
040a9a6f9,1
5174e0542,1
7e5d4e317,2
2bf818d30,2
81c442177,4
c2d6ff297,4
01928bd13,1
e0811bfc8,1
b2f21fe63,1
6cb63297c,1
7d6298b6e,1
4d34524f7,1
a706b0eb9,4
94a4357dd,4
6b6cb317b,4
8a804d93c,1
6dac572be,3
447be811f,2
45bf47f58,4
e4460cb03,4
10050c93f,1
1a1283447,3
529025eb8,1
57f322839,2
fae628c13,1
481a37c0f,0
9d1012529,2
11a3fb06e,0
2cba60aeb,2
fe5ed81fd,0
f7754af59,1
91bab29e9,1
400e57095,4
102c931d8,0
9bbd8c277,2
2aadf6110,1
de12dc945,2
9f07e2b51,2
f1df75b45,2
a399a151d,1
aa3409a07,4
7cd4ec150,2
8d6208f11,3
10836809d,2
b165fe8b1,1
a9c968c38,4
6593bd2a2,2
ec182ebc4,4
954a6e415,3
703f1a4c4,2
d3740baed,3
08a9b6f29,1
b3ff03304,2
7028931ed,3
1d5be4060,2
ff2224b9d,1
fbae7b0d5,2
7ffefe87a,4
245d6e033,4
2c46efe8f,2
7509ed502,2
da9d78f91,4
db23b96cb,2
ab4ab38d7,4
1bbf00182,3
311e28b8b,1
7687b7da2,4
3cc9490b8,3
7f3f14a72,2
f04c098ed,4
2c93c0c11,4
a21b6c40a,2
e772235aa,1
092fa68bd,2
404eab70f,1
1ea9285ea,4
9bec6db97,2
dfefbcea0,4
e93ec1c41,1
63e388a8e,1
bdde3b5ca,3
9296eb09d,2
5fed61438,2
6ae92889d,3
7b6629627,3
0adca3f66,2
1ee4a9e81,1
c6e763332,2
fe726b9d1,3
205714da6,4
fed43b600,4
a56d6eceb,2
c960b413e,4
1adb292f6,3
7e48ad81b,4
4813a0d67,1
6282ddf87,1
62550cf78,2
bf6cde86f,4
1bd13d3e5,2
286ab1e93,1
e7e23bfbf,2
8f0468771,4
56ddc4f47,2
c7f4e4fb5,1
6230b6c50,2
8ab53c55c,1
ae9a09ad6,1
ef7870add,3
28c3c4264,2
37204e0c1,1
2be9fa813,1
c06b6d8bf,2
e86a055e3,3
7cbe52a0f,3
cb15b5fb8,1
2562fec96,2
8063090ec,4
1bde9cc3f,2
dffb9869f,1
e7e1904f4,4
f9464ddbf,2
d1052eb2d,2
214dbc1f4,2
560d2b399,4
ea4fe7ae2,4
cef0e42a5,2
f66357936,1
a4e09a814,3
1663d062c,1
65e65ba4b,3
646fe5d09,2
75fccfb43,1
9414e54b1,1
b0855d1dd,1
331a14422,1
b2e46582a,1
f19397eed,3
87a243fe6,3
b17f7a1fc,4
f70251906,4
fb9390214,4
77a6f71e8,1
b0be76af8,2
500fdf3b1,2
62d911513,1
39f1d116e,2
6438c6b3f,4
ac813296c,2
5f2edae7c,1
f3551e91f,2
f1f4773bf,4
ec6bb5fb6,3
91add3784,1
ccf24ab8f,4
b99d5d532,2
03a92a94f,3
16d94bbb1,2
83233d345,4
451d17b57,4
d22eb6266,4
9b93196dd,4
d24c30b4b,0
efb7343fa,1
072bb91b4,3
351d1e748,1
4a6e23ad7,2
df6f884c0,1
6cdc6cab4,3
41c163f8a,3
e4e128c70,3
0ce5d0b5f,3
3c43b7541,2
68e6d1bd7,1
cfa2afea2,1
63697128e,3
fb00c8969,2
006610fe3,4
c1c16ac86,2
adb33dd61,2
dba9050f5,1
14efbbb85,1
45c2eb379,1
bc9168a46,1
9b6b350c8,3
425804cd2,1
903523a17,4
44a0c16bc,1
b3ae374f7,2
062633cb1,2
a4cec9f83,1
9c777bb01,2
8cfcbd9bb,2
66b978701,1
9daa740bb,1
b85cdc8a5,3
e90930a27,4
e09995135,2
0e9eec98f,4
c0c1504db,1
02387e247,3
e24a30aaa,1
b100db162,1
9a7885841,1
e4f117930,3
4732c7563,2
7a1d75edd,2
5c109cb7c,1
e3e5ffe13,2
6a5c652b5,3
9031a7f4c,2
08f8df31d,3
c2b92d7a0,4
eb9b9400e,1
de1a20009,3
e9e6aa241,1
13966b6a8,1
4ce620a7a,2
33db028cb,1
182faa94d,1
f0063c5b6,4
f5a34370d,4
afec4c35e,3
4f6c8d13e,2
1f7bf1b32,4
7276be56b,1
0f9fd5688,2
baf543aa6,2
bad270818,2
53fba6573,1
9f4a72311,2
bd4059588,2
abf02f04c,4
a2cd0e1e4,2
50ad19176,1
1c59513dd,3
3d51f4560,3
874e791f9,1
e0b36580b,1
a878a916e,2
926070c80,1
9d9197e7e,4
87074d17f,4
e301ab49c,3
97dc40c6f,2
39ec77c60,0
f05665d6d,2
23bcfa015,2
56e231a77,1
2b8832432,2
cdd7aee45,4
9d602bd84,2
8939a1ac8,3
5b55086b6,2
730a09014,1
1ba29c00b,1
ab5964338,3
c43ca0a88,4
f6551137d,2
daf1a8d08,2
bda2d149e,4
65f311c09,3
97fe7f730,1
ff96988fc,3
47caf7ad1,1
a8ba4dfa1,3
b2048c71d,3
de9e7e87d,2
a9551ed6d,4
8a6701090,4
3fa0de4e4,2
082b9a2de,1
102ed9019,4
e849142b2,1
5377c3a3c,2
df9a4b31f,2
aa1add776,1
ec57adce7,4
56147c737,3
2599e55c5,1
f3aada535,4
cb492add6,1
e77dccf0d,4
2e553e40a,1
9cf90beff,1
10ae2697f,2
0719de933,2
e2257ac60,1
ac49bdbdd,2
c662b7876,4
f97c8edc4,1
4a0d03a9f,2
0d6cb5b69,2
243f7f43e,4
0d116bb3f,3
abfcb22bc,3
d815333bb,1
0e12b9baa,2
4e991c023,4
00bfa5da9,3
98c1efd96,1
f65fe3e26,2
b62fc7bde,1
597a7afc2,3
7667378df,1
918408d22,3
cd4b05b8c,1
f32059805,1
fe2d576c2,1
3711579ed,3
6ab4a944b,1
d68301fb2,2
54cccb3cb,1
b887b2037,1
28b4420eb,2
a2cd5b78a,2
d56096e79,1
8cbae6e2a,4
33bfeb403,1
3853ff1dd,2
2ba019cb8,2
b83e15288,2
154d24447,2
95b5a7b19,4
948f580dd,3
638a1f488,2
a5a240214,4
cb5ecf136,3
80fcb8392,2
a4b96c3f3,2
7feb1774c,1
2b6e5343e,4
8b65f9305,2
3d751fe45,4
58b4ba48f,1
207c30391,4
7ae269152,2
f836696de,4
01da89f29,1
f522ad8d4,3
79f41f755,3
022429d5c,2
1dfadc371,3
fe41e15d5,1
ff5ea4f84,4
16abc088f,1
fb4814fb9,1
07102e682,4
7112952b7,1
2a6884283,4
829889fa9,1
1d90e5473,4
6632022cd,4
81f1d4d5c,4
f5e9075c9,4
1f0bb9d58,2
e1f08c5b2,4
262c36889,2
ea9ad03dc,4
d584d51b2,2
e976f3d3a,1
6ff2ae40f,1
497d68d48,1
0b04b1c7a,1
79b3d41e2,2
976fcf5a9,4
82ee2f3e9,2
4446dde7e,2
aba512b8f,2
befa8a395,4
a7554fc9e,3
4d101a0c3,1
02f7300db,3
54e7cfcc5,1
596cf7334,4
ca39f5e93,2
4464fa621,1
e27ac6865,3
d8a94961e,1
f056ab9fc,1
0fb548aac,4
af93d5c2b,1
7ee6fe581,2
0f1136ad3,2
1bf4a2ca7,1
7028ea673,1
3c7dd9982,1
1d03b6d7c,4
7ec0f1e9e,2
7438f5d52,1
57abbd25f,4
9c263fbc4,2
c9dcd3fb3,2
04260adf8,4
8623ecf43,4
be7b65c23,2
e2e5b8ae2,2
9cf741863,2
c2b2da9dd,1
76fefc6ab,2
f5819a31d,2
615df1d7d,2
1929d8aea,1
59e59bd5a,2
22ae95c51,1
1f4a53e6c,2
ebbf04d10,2
73de2789e,2
f3b29563b,3
f497b28cf,3
b6450abed,2
d23a1962d,2
6945dbebb,1
93ea39e5f,3
870e5566b,3
61d4dc56b,3
ded8d95c0,4
be2119ed0,4
cd9c84ec2,4
22594186e,3
2ee5073bc,3
f29cacb97,2
d5cbed556,2
784ec5ba3,2
2b980afbc,3
05d10428c,4
e994888f3,1
9ec6fbb61,2
9a770c49a,2
81a815ef5,2
1e6970298,1
358517d09,2
b663aafeb,1
b114199dd,2
69f4a00df,4
c8c8ce5d4,4
1a0395c7f,4
affc18183,4
1c7619fdc,1
98b1b003d,2
c9feb3eb3,3
124e6af5e,2
157f9809a,3
3bf7bccc9,4
54b2051c1,1
441594b56,4
350116b16,1
b677eae2a,1
d687c7171,1
5dce619e3,2
7330b19a5,3
553164b93,1
e8e054802,1
a64ca36ca,1
4bb0c8226,2
397be6b99,2
d5f80598c,2
7a0942d61,4
65b05f438,1
29e6c171d,3
a16c6d55d,1
bc7361016,2
148f526cb,1
c82705cf4,1
66bf65c82,2
7ba58565e,1
2a06a5244,3
a1c1dbf8a,3
1f7363767,2
2b3fc0265,4
b4cc525db,1
0c0214da4,4
727567154,4
f31b6eda3,1
26e02fdeb,4
e32f5a36f,4
f2472c8dd,1
c260c7b3b,4
230e1df8f,2
34884c9fc,1
a6239b2f3,4
1377d2c0e,4
9a7474fd8,2
48a2123f4,2
c2558c319,1
15dc4c629,1
bcb22c952,2
8b34370aa,4
9b9976e20,2
6085869a7,2
ed4604a70,1
a05674125,4
8f38dbd18,3
c0898504e,4
77fa5cdd7,2
3ed60e624,3
f98e4f7b6,4
b1cb5d0ec,2
8f5d6ee4f,1
44a541574,2
d76134f00,3
cf49e1549,3
585a4d5b9,2
9c0f6076a,3
9bc084196,0
365f29337,2
b631b7e4a,2
5b2e5e410,2
05f84991b,3
086ed2122,1
d81a46211,1
207aa47a6,1
467faacc0,4
4e3e1ac61,2
de0a86ccf,2
fa7c7d1be,2
227580301,2
ae4ab31ec,1
7f4e5c2a0,4
ba79cfddf,2
d2fa0b0df,2
fd1bf9554,4
feb06d776,1
2c7a8ea18,2
416cb5d6d,0
23d784a8a,1
b3fb62c05,3
bce2ed853,2
897fde926,1
cdcaefa4b,2
fc93e5aa5,4
183c947eb,1
3b4f31dc0,2
52ffdc6c2,4
c72cb0d9b,3
c4ea89ddb,2
25c7d6c3b,2
96a35824d,3
794c57f72,2
fd279ad95,2
7acaea66e,0
5b4e331cf,4
475564ad6,3
71eb4e3d5,2
2398599fc,4
68cdd6d6b,2
426bb5e4c,4
14cbb81c8,2
72896003b,4
39afc4a19,3
d9c6517ae,3
93ccba02b,1
0fd9076d7,2
bd263a880,2
2c7a874ee,3
556599752,4
1fd1d2349,2
b5fd8a091,1
f66e4eecf,4
1e2cca514,2
19f0ef706,2
8670bd551,1
4bcc9f10a,1
f506d3fd2,2
64cf73826,2
4f9031dce,4
975cf510c,4
1045bb4c4,3
6ce40c2bf,1
53eda13e6,3
69d95bc54,2
9de6b8550,2
fa3b3b348,2
668e0428c,4
d37c4c951,1
24e2e049e,1
be21567c3,1
e6ae12115,4
20f870155,2
61dc8345a,4
ddae7aede,2
fa1badbb7,1
ca5a9ff9c,1
21db2af7c,1
d54d84b63,3
db2d1ccaf,1
5e10e3f87,4
90e582b0c,1
45217971b,1
a59aa3f80,2
8d3b5e6e9,0
80785f31f,2
6326e5387,2
a9e753cc1,2
505ef85e6,4
0063bd7e0,4
9cd08bb2c,4
fd7c54ba8,4
fa87afa7d,3
e6e536800,4
6dcff2b5b,1
ab09748d1,2
78e5e19b6,1
7df257784,2
6a48f776b,1
2786b8c37,2
b1fb39ed5,1
400a15912,3
ef9154afe,2
400cbe759,2
7b70b7048,1
86ce90970,4
18cd75354,4
6517af927,3
0b74f813f,4
e94581522,3
e46373e2e,3
59a3ee7ff,3
107c49414,1
f29afd123,3
2c137b9a4,1
8b53dec4c,1
48aa8ee7c,2
b0ad07cfc,2
24c1d5a33,1
6120ace5c,2
41fa17c7c,2
a8c336257,1
df76ee4c1,2
0256cac2b,2
bdd606969,1
c4ab38782,2
8b94ae06d,4
c14ddf8a0,3
9893500e1,2
096c37d99,4
3604fc814,1
1a51506e1,1
590a78f0d,3
1c0aa9866,1
767be5091,1
19cb228a0,4
734123308,4
936fc22ce,1
9fc14401a,4
52af450f8,0
2b4b4e40c,2
acfbc9b71,2
7d18ee078,1
42eac4984,3
cc8459867,2
d33840dfa,4
c34b20922,1
0c17e1f32,4
b3e897856,4
3b3ce72d1,1
ccd20906b,1
5e74dfc90,4
310ea711c,2
cf74322de,4
0ced977d7,4
8ebe54ca6,1
530b7bcec,4
e5f54d20e,2
818d4a56e,2
5bfbb098d,1
ea6129e3d,3
4a2544358,2
eea5bf906,4
28dc83755,1
63912e2b8,4
b60a4eb5e,2
8e7c16add,0
bad8f7276,1
6a864757b,4
9b7179c65,1
df2fbc6a6,4
74e81519b,1
331476348,1
8a99dadaf,2
d005caf41,3
228d72748,3
6f2b619bb,2
64904cb52,3
68df0b84c,1
f53b95c90,4
0eaa0e3c6,4
21fcd15c6,4
662564431,2
ca7aa9eec,4
ab4ef2577,4
9ef475fbe,2
1c9a2baf6,2
20e75472d,2
915173d4d,1
2f4eb5847,2
50fc25dbe,1
fbc8619d9,1
fc7b01af6,3
747359fcb,2
1a4c1709a,2
3a3dc1dab,1
0907a14f3,4
cc09a719b,2
fb3bd80d1,4
88df1460d,4
12653b9bc,1
6d18cc71d,4
6c5b48801,1
c0b75d155,4
a6396a580,3
0995bd489,3
83ea92fcc,1
b356b0f05,1
c82e4964c,3
c09a67b3a,4
dcc58b6ba,4
2dfaf69b5,3
33404ffe6,1
d0e2d8d15,4
96d7ed5de,2
7e8bab7a5,3
9b9e24b37,1
cc9c0e1e7,4
35203bd2a,1
b210e38f0,2
9d8032dd0,2
3e463e29e,4
ab41920c4,2
5043a32cb,1
00709d75b,1
ebd3ef2f9,2
987095c9c,1
3d9ee26e3,1
ff1613693,4
7a40628fd,2
1925aff9d,4
57dcbe4c9,4
e064d3504,3
d0b61aedc,1
6df28d790,2
8c9f6c718,3
61e7f4ebe,2
6da1ee245,1
977cfb864,2
270461683,1
508df8433,1
74084fa99,4
eb1f2f2f0,1
4235841ea,1
74d7a26bc,4
b0f2a1939,1
ea4c18b67,4
83dff4077,2
a63364c39,1
f2816bd92,2
12ffabf23,4
abd366564,4
8b1abca6a,4
fea9183f6,4
b3902add8,4
3bfb759ce,3
a8b358af2,3
2f7da7f8f,4
48317c9e5,2
72e9e5442,1
06ee33d56,1
a0fd5da22,2
4ceff22c4,1
c7402d13c,1
2340f8360,3
a8ea0c6a7,2
ee10dbace,4
2aac3e0ac,2
1b752d78e,1
c70dc1bd1,2
90489eccb,2
b66a5bd9d,1
e92b33580,4
965adb809,1
7aae61018,1
6ec9364a7,1
77a74852b,2
63a5af53c,1
812ec1ab5,1
3f675b345,4
015770429,1
53ef098c0,1
c59199ff4,2
5682330ad,1
6b685abae,1
c23b6bbf6,0
0ff7245bd,1
5ee5f72b8,4
6029e0ed0,1
2b7509f97,4
487abc5e1,3
63c93929a,2
c8172e598,2
6d43edbe9,2
baa4b862f,0
c39e5de99,1
9f88f23a4,4
6d7e560d9,1
14084c784,0
6da06ed36,3
f17d4ab32,1
6c6a5b5ac,2
473caf456,2
8af1b11ce,4
787a8c11d,2
2e1d4e279,4
485bebd4f,4
e5e083218,2
70fb603fd,4
27bbc8c4f,0
43cf0f713,3
63a4f8b8a,2
8a1b27ab1,2
44cd12263,1
debec416c,4
c98d16315,1
1cbe873e7,2
64f5e2165,2
93b1ca32c,1
d4c153877,4
b91ac808b,1
fe1c36fb1,4
2082ad764,2
c5a7f7d69,2
fd3c1a3bb,1
2fab464fb,1
2039114f1,2
89c2d660c,1
27268f547,4
1ff148919,1
185ea5010,1
2de05ee7d,4
615e51eef,2
13469fc6a,2
2e1448ee0,2
bf456451e,2
42b3d53f8,3
0de6709ab,4
3e4f81782,4
0cc3e27b5,3
ad6cfec5c,4
c6d879376,3
850a43f90,1
435bb3995,2
88dbaffe0,3
06634513c,1
9ee7776db,2
805dcae38,3
e877b448c,2
68a3c10cb,2
68d514216,3
e5c42ae26,4
fcffea7c0,3
87f9ef7a5,1
476d40031,3
4ed2fba3e,3
dde8ffd00,4
839733624,0
6e3457b81,2
50d1c2157,1
d470889c4,4
3c155d21c,3
62b2ac9fd,2
fc0b0843c,2
3bb43df82,2
a5f82d04e,3
1f82b8bf0,3
5ab4df736,4
41ce762ce,4
bd8224d08,2
a42c62fc0,1
d7dd71467,4
d76e9dedd,3
3105b0012,4
4a108fa61,2
7b8d76961,3
406528ab5,3
2d9bdbca9,1
fb442ee5e,4
503a096e7,2
08ee62d43,3
65470d9c0,1
de489fcd8,2
8dd28c706,1
eb307c1f0,2
0178fe2f7,1
c272d9284,2
68b8dab3b,2
767b3b7d0,3
acd81a109,4
accca912b,4
9385e1d2e,0
0d4750032,3
ae219ff80,2
52abcc0fe,4
188f8b07e,3
8c28914a9,2
840fbaeba,3
b05231f8c,4
a0c15424b,2
8908c9d99,2
edac3b595,2
70aa95825,1
a1999eced,3
a8cdba660,3
c3ed4c50b,4
5af078de1,1
5c4742e35,2
d52c77d14,1
01b3356f5,1
083787e4a,3
d010fb743,1
48f8d1d90,2
652f89d34,1
bb1775dbe,3
3b0ae25f0,1
439f040ed,2
cbd289193,2
5de1d0c34,4
48f20f515,2
181823d5f,4
df9b18c1e,2
f8c6ed1a5,2
2e726c62d,1
9ca247f84,2
9430d84c5,4
d1be4f433,3
ab8386c6d,3
dfc8a8e9c,2
66757255c,3
dfb7301a8,4
8009b7ac8,2
c12b5f5de,1
f9e3a51c1,2
f99a5e817,4
f0a4b28f6,2
fe88a5777,2
f26e3e182,1
2de425c1b,2
79d32926c,3
15d4c0bad,3
a0401d349,3
9b3e95995,4
43ad546c7,4
9193e335e,2
2e9e910d4,4
f45beac10,1
f7ada8363,4
e69df38b4,4
5ee1c77a0,1
5bf976dd7,4
cf574d89c,2
3dd380ccb,3
8ce613036,4
b446053b6,4
74b7d275a,2
814430b64,2
a575d70f3,1
388cd5b9c,1
7dc33902f,3
fbba51f97,3
323f562e0,2
4679d01e2,4
660cd67ed,4
9d76ed82f,3
a8ce7d647,1
91d0ba5c0,2
e77941c00,2
162e703e6,2
343c1f526,2
b921bfb80,4
ea4cea375,3
ae52ea5c4,2
57f8d18fc,2
6eef41768,2
da8d4a273,3
ea92dcef6,1
40d7cb083,1
cc4670dac,2
b1e94ac2d,3
36e02d379,2
4c0de1708,2
e6292a7b6,4
150257980,1
4ad400ba0,4
5e6c38ddf,1
9adf0f234,4
8d5f95d9a,4
8100c2485,4
5b9d80473,2
c382bae22,4
bb2808ff8,2
803c3b444,1
faf4fd269,3
57d556084,4
a43540943,1
3f4cf8745,1
267162afd,1
e808d9fee,1
01ba4e94d,4
2e3bec724,2
09d9212f5,2
c3a2d4d83,1
1326c53f9,1
c723171ff,3
3feae3fb7,3
abb847f55,2
889ae00e3,3
6fc2970d6,3
e21227d75,3
cc8401c02,3
0fe419dc3,1
48769873a,3
4f735cd71,4
bd1eaf778,0
169fc07e1,2
7c9e28902,1
708189e17,3
fd123a15d,2
89fd79488,4
854edf08f,2
1ad691ca4,1
45cb60190,1
becd6c70d,2
2e9a53eb0,1
920a30b27,1
31f59daf4,1
0a4fc94e5,1
ced0659f2,4
0cdb80095,0
d120df077,2
1347325db,4
d77a6813d,2
79e0ef004,2
1d41418f7,2
0d784a800,2
bec2fe7ad,1
70b7cb06d,3
d70af36fd,1
553b61d90,2
1effd827e,2
822193428,1
0e2bf402c,1
0a8bc19f6,2
fbc6507e7,2
bd0bfa1f6,1
394217006,1
7d8ffca23,4
605eca728,4
13f07ee9a,4
dc23feccc,2
93ae9be69,2
0fa39858f,2
944862101,1
5e1c81876,2
a2cd8b4ae,2
a2dbe6af3,1
1e759fed0,1
3f50cc4fd,2
46518b224,4
a00eaa0fb,1
98ae7d88d,2
4f402845d,3
4168bfd52,1
344b9632c,1
9c1cbec2f,0
7982ae716,3
6223c652f,4
ae0a993ac,4
b94ddd6a9,4
a68e8378d,4
96b8b56b4,1
1803e4c27,4
eb22ed27d,1
2ff9e9534,3
cc2881a97,4
28bafb2ee,1
d3ef2ebef,2
839404d8c,1
254c3305f,1
fbaec0999,3
3dc98128b,1
d37de633e,3
0db65104a,2
c3b263e8f,1
d9175b948,2
ae3ff3cbc,2
9521ff66b,3
3af78213e,3
4436738dd,2
f33f3512e,2
5bd405bac,2
933e0a3e8,4
a89005005,1
d20ea312e,2
86d02f6a8,2
4715f897c,3
1c3f79b11,2
f5d7daf1a,2
300c91d3a,1
9d82e4438,3
eff541eff,2
38a81271c,4
4da0a8ee1,2
7ebe13a93,4
a355a6873,4
3daede547,1
356a9cf88,2
23baf0395,1
6220663ba,4
35ec69571,2
ebf5e5e77,4
3a14fbb8e,4
a1093437e,3
7fe0a86f8,3
7f78e79c0,3
63a1fb887,2
e9feaab54,2
9926c6e5b,4
bd5ac00df,1
d14a86fd4,4
85f71876c,2
3ec367f79,3
898ad5d4c,2
1067bd14b,1
e02b6a2d4,1
6878a6fe0,2
87f75c842,2
cb423070b,2
a89bfa0aa,2
79420447a,3
923a7163c,3
e093c4886,2
8aeff9ad9,1
6eb8a8e8e,3
77d38bd16,2
d39684633,1
0e58b35b6,3
9f3e23878,1
dfb0b0928,4
ca3dbbaa3,2
1fdf2880b,4
93d842736,1
d350f881f,2
10e723583,2
3d9784a88,3
d8664fb93,2
da8326fa5,1
4fc4ac031,4
7889399ac,1
f759dc332,3
be604ea67,1
1fd2f589f,2
7519b8b43,4
d2d48985e,2
bb170fd98,3
2dafa7b63,2
8bb34f0bd,2
62eac41fa,3
799ea79a2,2
6261c9966,2
8de1c1ca1,3
50503b223,4
9ca31b395,4
c5f20f40f,1
76b366645,1
341420028,1
546a913cc,1
6f41847b5,1
5eec2fedc,3
e7067c4dc,4
77322d6cb,1
6d474edc5,1
2b31f1be3,1
f95eb4d75,2
02c40b53c,2
5a358b56f,2
c8d22c965,1
49e00fc7f,2
24573b56d,1
1ac22584b,4
bc7956085,4
d3a6a081b,4
b968b85c1,1
4c1adfa96,1
01c3c09df,2
b66569990,2
92586e5a3,3
12c65f314,4
e3f28534a,4
681eb7101,0
92d5ac408,4
2b5a3c81d,1
59ad17125,2
99c7658be,4
919768bb5,3
4d28b3255,1
1cba86658,4
4e33faa32,1
e42fd0fed,4
cfebb0955,2
6b6d2c65f,3
0e83fbe2a,1
94d5ded81,4
e1262c956,4
cb568959e,2
c6556750a,3
5a60fde1f,4
451bf38f1,2
0c2549da5,2
115a4b208,1
b26aecb5a,1
09f514bd9,1
249112486,3
758a6def9,2
d7a772967,1
1349f68db,3
52820e80e,2
158b502d3,1
6c3a05812,2
794806010,3
e0b6196d9,1
d2161e0a2,4
ff4b9b3b4,1
50417cfa8,4
23bf0ed46,2
42e9334f2,1
678d21531,4
c1db71d88,2
8f1105e2a,4
46c5fd256,3
cad8537e1,2
3a0ebb3d1,1
a22b593a2,2
f1b4a123f,3
383e5b82e,4
86386b0c0,4
95e92b082,3
a31508650,2
35d860fe5,4
c8a528b69,1
eea42fc56,3
1a67ffb8b,1
681be6214,1
1f64d3191,2
c20aa0352,1
cbeb9fc1d,2
cef410e81,2
55c23ed2e,1
32cda3189,4
adfd0f0bc,2
104d9b198,0
f03a41229,1
375905770,1
eab1d3e9f,4
c11df559d,2
ae3ef6983,4
db0a53c3a,4
7575371db,4
34fcc459a,3
591909a93,3
9a96189d5,1
e98593be6,4
91df1b68f,3
b0dec8779,3
79db05f63,3
b3b6d78f5,1
8cf93cab0,1
0b90767fa,1
91f52526f,4
895d8c870,4
30ece8658,4
9ba39bba6,2
4d7dd6115,1
bf42a225d,2
2fb24b53d,1
7ca5ee472,2
93c9866b0,3
2da9b0c2c,3
dc996a1a4,2
21d79f603,4
eb8de7f47,2
c5b97062a,1
1aa0769bc,1
050277142,2
a0be585cb,4
b0cc3078c,2
6ebcc7756,3
efe27171b,1
c5574bf3d,3
24379b58d,2
295a99691,4
515462e67,2
ed1ea1e74,2
fdd191ba0,2
dcba09ff1,3
182aa4a29,1
222afe2dd,3
c46e29741,4
380e603cd,4
d565f7c6f,2
9499f293e,4
fad982f0a,1
5a60de180,2
ee0e059cb,3
f04da2f21,2
f93283e0c,4
0ae5f9681,4
c50a42095,1
2d9dd14b1,4
1667eb8a4,1
069064d1d,2
600f8eb25,2
850cb2e50,1
4b261a0ee,2
98231df17,3
056437112,2
fde58f7fa,2
645914c88,2
5ff1a0cae,2
26fb642bb,2
06df96299,2
931fd5858,2
0149d04e7,2
cb0f41a00,1
0d635d0b4,2
91c4cb54d,2
b39f3f7ad,1
bc1b742f4,1
adc5ada07,1
690de80b5,4
939ca33f6,2
e7d595174,2
0dbb0a012,1
f10643d7e,1
e67cffa8b,2
cc563b215,1
a55a04a05,1
db3fce97e,1
d56674978,3
e2f718e94,3
dcf2641f2,2
07b994326,2
0e70a5a3a,4
0d440b00e,2
a1379a575,2
ddf06fabf,3
a06a2ee4e,2
702bee848,1
6f18704f7,0
48ceb84a0,0
13296aae7,4
5601bd45c,4
640e0b69b,3
acb614bba,2
546cf9e37,2
319ae7620,2
f4c9a0b24,2
b7d2f8186,2
6c929fefb,2
618f4931a,2
ed0185e39,4
bf90589d1,4
0f796d3f9,1
6d53b2d19,0
7bc54baef,1
87615b2c6,3
6f07e7abf,1
3bf6cdab0,3
00ac364a4,2
578b82f50,1
f24991ef7,0
2e9a64836,1
3dab3050c,4
4f6029457,2
b23e29c89,1
0c46298f8,2
2f6cde44b,2
2f3677597,2
256f40704,4
653f94080,4
878e36da4,2
46cf6356e,2
ef50eab33,3
a40116bf1,4
7ed14130d,3
3b2b69d20,3
360215e23,2
0c612e8df,2
9b1241ef0,3
ffe7f0b70,2
